/* USER CODE BEGIN Header */
/**
  ******************************************************************************
  * @file           : main.c
  * @brief          : Main program body
  ******************************************************************************
  * @attention
  *
  * Copyright (c) 2026 STMicroelectronics.
  * All rights reserved.
  *
  * This software is licensed under terms that can be found in the LICENSE file
  * in the root directory of this software component.
  * If no LICENSE file comes with this software, it is provided AS-IS.
  *
  ******************************************************************************
  */
/* USER CODE END Header */
/* Includes ------------------------------------------------------------------*/
#include "main.h"

/* Private includes ----------------------------------------------------------*/
/* USER CODE BEGIN Includes */
#include <stdio.h>
#include <math.h>
/* USER CODE END Includes */

/* Private typedef -----------------------------------------------------------*/
/* USER CODE BEGIN PTD */

/* USER CODE END PTD */

/* Private define ------------------------------------------------------------*/
/* USER CODE BEGIN PD */

/* USER CODE END PD */

/* Private macro -------------------------------------------------------------*/
/* USER CODE BEGIN PM */

/* USER CODE END PM */

/* Private variables ---------------------------------------------------------*/
SPI_HandleTypeDef hspi1;
DMA_HandleTypeDef hdma_spi1_tx;

/* USER CODE BEGIN PV */

/* USER CODE END PV */

/* Private function prototypes -----------------------------------------------*/
void SystemClock_Config(void);
static void MX_GPIO_Init(void);
static void MX_DMA_Init(void);
static void MX_SPI1_Init(void);
/* USER CODE BEGIN PFP */

/* USER CODE END PFP */

/* Private user code ---------------------------------------------------------*/
/* USER CODE BEGIN 0 */
static const uint16_t Font7x10[] = {
0x0000, 0x0000, 0x0000, 0x0000, 0x0000, 0x0000, 0x0000, 0x0000, 0x0000, 0x0000,  // sp
0x1000, 0x1000, 0x1000, 0x1000, 0x1000, 0x1000, 0x0000, 0x1000, 0x0000, 0x0000,  // !
0x2800, 0x2800, 0x2800, 0x0000, 0x0000, 0x0000, 0x0000, 0x0000, 0x0000, 0x0000,  // "
0x2400, 0x2400, 0x7C00, 0x2400, 0x4800, 0x7C00, 0x4800, 0x4800, 0x0000, 0x0000,  // #
0x3800, 0x5400, 0x5000, 0x3800, 0x1400, 0x5400, 0x5400, 0x3800, 0x1000, 0x0000,  // $
0x2000, 0x5400, 0x5800, 0x3000, 0x2800, 0x5400, 0x1400, 0x0800, 0x0000, 0x0000,  // %
0x1000, 0x2800, 0x2800, 0x1000, 0x3400, 0x4800, 0x4800, 0x3400, 0x0000, 0x0000,  // &
0x1000, 0x1000, 0x1000, 0x0000, 0x0000, 0x0000, 0x0000, 0x0000, 0x0000, 0x0000,  // '
0x0800, 0x1000, 0x2000, 0x2000, 0x2000, 0x2000, 0x2000, 0x2000, 0x1000, 0x0800,  // (
0x2000, 0x1000, 0x0800, 0x0800, 0x0800, 0x0800, 0x0800, 0x0800, 0x1000, 0x2000,  // )
0x1000, 0x3800, 0x1000, 0x2800, 0x0000, 0x0000, 0x0000, 0x0000, 0x0000, 0x0000,  // *
0x0000, 0x0000, 0x1000, 0x1000, 0x7C00, 0x1000, 0x1000, 0x0000, 0x0000, 0x0000,  // +
0x0000, 0x0000, 0x0000, 0x0000, 0x0000, 0x0000, 0x0000, 0x1000, 0x1000, 0x1000,  // ,
0x0000, 0x0000, 0x0000, 0x0000, 0x0000, 0x3800, 0x0000, 0x0000, 0x0000, 0x0000,  // -
0x0000, 0x0000, 0x0000, 0x0000, 0x0000, 0x0000, 0x0000, 0x1000, 0x0000, 0x0000,  // .
0x0800, 0x0800, 0x1000, 0x1000, 0x1000, 0x1000, 0x2000, 0x2000, 0x0000, 0x0000,  // /
0x3800, 0x4400, 0x4400, 0x5400, 0x4400, 0x4400, 0x4400, 0x3800, 0x0000, 0x0000,  // 0
0x1000, 0x3000, 0x5000, 0x1000, 0x1000, 0x1000, 0x1000, 0x1000, 0x0000, 0x0000,  // 1
0x3800, 0x4400, 0x4400, 0x0400, 0x0800, 0x1000, 0x2000, 0x7C00, 0x0000, 0x0000,  // 2
0x3800, 0x4400, 0x0400, 0x1800, 0x0400, 0x0400, 0x4400, 0x3800, 0x0000, 0x0000,  // 3
0x0800, 0x1800, 0x2800, 0x2800, 0x4800, 0x7C00, 0x0800, 0x0800, 0x0000, 0x0000,  // 4
0x7C00, 0x4000, 0x4000, 0x7800, 0x0400, 0x0400, 0x4400, 0x3800, 0x0000, 0x0000,  // 5
0x3800, 0x4400, 0x4000, 0x7800, 0x4400, 0x4400, 0x4400, 0x3800, 0x0000, 0x0000,  // 6
0x7C00, 0x0400, 0x0800, 0x1000, 0x1000, 0x2000, 0x2000, 0x2000, 0x0000, 0x0000,  // 7
0x3800, 0x4400, 0x4400, 0x3800, 0x4400, 0x4400, 0x4400, 0x3800, 0x0000, 0x0000,  // 8
0x3800, 0x4400, 0x4400, 0x4400, 0x3C00, 0x0400, 0x4400, 0x3800, 0x0000, 0x0000,  // 9
0x0000, 0x0000, 0x1000, 0x0000, 0x0000, 0x0000, 0x0000, 0x1000, 0x0000, 0x0000,  // :
0x0000, 0x0000, 0x0000, 0x1000, 0x0000, 0x0000, 0x0000, 0x1000, 0x1000, 0x1000,  // ;
0x0000, 0x0000, 0x0C00, 0x3000, 0x4000, 0x3000, 0x0C00, 0x0000, 0x0000, 0x0000,  // <
0x0000, 0x0000, 0x0000, 0x7C00, 0x0000, 0x7C00, 0x0000, 0x0000, 0x0000, 0x0000,  // =
0x0000, 0x0000, 0x6000, 0x1800, 0x0400, 0x1800, 0x6000, 0x0000, 0x0000, 0x0000,  // >
0x3800, 0x4400, 0x0400, 0x0800, 0x1000, 0x1000, 0x0000, 0x1000, 0x0000, 0x0000,  // ?
0x3800, 0x4400, 0x4C00, 0x5400, 0x5C00, 0x4000, 0x4000, 0x3800, 0x0000, 0x0000,  // @
0x1000, 0x2800, 0x2800, 0x2800, 0x2800, 0x7C00, 0x4400, 0x4400, 0x0000, 0x0000,  // A
0x7800, 0x4400, 0x4400, 0x7800, 0x4400, 0x4400, 0x4400, 0x7800, 0x0000, 0x0000,  // B
0x3800, 0x4400, 0x4000, 0x4000, 0x4000, 0x4000, 0x4400, 0x3800, 0x0000, 0x0000,  // C
0x7000, 0x4800, 0x4400, 0x4400, 0x4400, 0x4400, 0x4800, 0x7000, 0x0000, 0x0000,  // D
0x7C00, 0x4000, 0x4000, 0x7C00, 0x4000, 0x4000, 0x4000, 0x7C00, 0x0000, 0x0000,  // E
0x7C00, 0x4000, 0x4000, 0x7800, 0x4000, 0x4000, 0x4000, 0x4000, 0x0000, 0x0000,  // F
0x3800, 0x4400, 0x4000, 0x4000, 0x5C00, 0x4400, 0x4400, 0x3800, 0x0000, 0x0000,  // G
0x4400, 0x4400, 0x4400, 0x7C00, 0x4400, 0x4400, 0x4400, 0x4400, 0x0000, 0x0000,  // H
0x3800, 0x1000, 0x1000, 0x1000, 0x1000, 0x1000, 0x1000, 0x3800, 0x0000, 0x0000,  // I
0x0400, 0x0400, 0x0400, 0x0400, 0x0400, 0x0400, 0x4400, 0x3800, 0x0000, 0x0000,  // J
0x4400, 0x4800, 0x5000, 0x6000, 0x5000, 0x4800, 0x4800, 0x4400, 0x0000, 0x0000,  // K
0x4000, 0x4000, 0x4000, 0x4000, 0x4000, 0x4000, 0x4000, 0x7C00, 0x0000, 0x0000,  // L
0x4400, 0x6C00, 0x6C00, 0x5400, 0x4400, 0x4400, 0x4400, 0x4400, 0x0000, 0x0000,  // M
0x4400, 0x6400, 0x6400, 0x5400, 0x5400, 0x4C00, 0x4C00, 0x4400, 0x0000, 0x0000,  // N
0x3800, 0x4400, 0x4400, 0x4400, 0x4400, 0x4400, 0x4400, 0x3800, 0x0000, 0x0000,  // O
0x7800, 0x4400, 0x4400, 0x4400, 0x7800, 0x4000, 0x4000, 0x4000, 0x0000, 0x0000,  // P
0x3800, 0x4400, 0x4400, 0x4400, 0x4400, 0x4400, 0x5400, 0x3800, 0x0400, 0x0000,  // Q
0x7800, 0x4400, 0x4400, 0x4400, 0x7800, 0x4800, 0x4800, 0x4400, 0x0000, 0x0000,  // R
0x3800, 0x4400, 0x4000, 0x3000, 0x0800, 0x0400, 0x4400, 0x3800, 0x0000, 0x0000,  // S
0x7C00, 0x1000, 0x1000, 0x1000, 0x1000, 0x1000, 0x1000, 0x1000, 0x0000, 0x0000,  // T
0x4400, 0x4400, 0x4400, 0x4400, 0x4400, 0x4400, 0x4400, 0x3800, 0x0000, 0x0000,  // U
0x4400, 0x4400, 0x4400, 0x2800, 0x2800, 0x2800, 0x1000, 0x1000, 0x0000, 0x0000,  // V
0x4400, 0x4400, 0x5400, 0x5400, 0x5400, 0x6C00, 0x2800, 0x2800, 0x0000, 0x0000,  // W
0x4400, 0x2800, 0x2800, 0x1000, 0x1000, 0x2800, 0x2800, 0x4400, 0x0000, 0x0000,  // X
0x4400, 0x4400, 0x2800, 0x2800, 0x1000, 0x1000, 0x1000, 0x1000, 0x0000, 0x0000,  // Y
0x7C00, 0x0400, 0x0800, 0x1000, 0x1000, 0x2000, 0x4000, 0x7C00, 0x0000, 0x0000,  // Z
0x1800, 0x1000, 0x1000, 0x1000, 0x1000, 0x1000, 0x1000, 0x1000, 0x1000, 0x1800,  // [
0x2000, 0x2000, 0x1000, 0x1000, 0x1000, 0x1000, 0x0800, 0x0800, 0x0000, 0x0000,  /* \ */
0x3000, 0x1000, 0x1000, 0x1000, 0x1000, 0x1000, 0x1000, 0x1000, 0x1000, 0x3000,  // ]
0x1000, 0x2800, 0x2800, 0x4400, 0x0000, 0x0000, 0x0000, 0x0000, 0x0000, 0x0000,  // ^
0x0000, 0x0000, 0x0000, 0x0000, 0x0000, 0x0000, 0x0000, 0x0000, 0x0000, 0xFE00,  // _
0x2000, 0x1000, 0x0000, 0x0000, 0x0000, 0x0000, 0x0000, 0x0000, 0x0000, 0x0000,  // `
0x0000, 0x0000, 0x3800, 0x4400, 0x3C00, 0x4400, 0x4C00, 0x3400, 0x0000, 0x0000,  // a
0x4000, 0x4000, 0x5800, 0x6400, 0x4400, 0x4400, 0x6400, 0x5800, 0x0000, 0x0000,  // b
0x0000, 0x0000, 0x3800, 0x4400, 0x4000, 0x4000, 0x4400, 0x3800, 0x0000, 0x0000,  // c
0x0400, 0x0400, 0x3400, 0x4C00, 0x4400, 0x4400, 0x4C00, 0x3400, 0x0000, 0x0000,  // d
0x0000, 0x0000, 0x3800, 0x4400, 0x7C00, 0x4000, 0x4400, 0x3800, 0x0000, 0x0000,  // e
0x0C00, 0x1000, 0x7C00, 0x1000, 0x1000, 0x1000, 0x1000, 0x1000, 0x0000, 0x0000,  // f
0x0000, 0x0000, 0x3400, 0x4C00, 0x4400, 0x4400, 0x4C00, 0x3400, 0x0400, 0x7800,  // g
0x4000, 0x4000, 0x5800, 0x6400, 0x4400, 0x4400, 0x4400, 0x4400, 0x0000, 0x0000,  // h
0x1000, 0x0000, 0x7000, 0x1000, 0x1000, 0x1000, 0x1000, 0x1000, 0x0000, 0x0000,  // i
0x1000, 0x0000, 0x7000, 0x1000, 0x1000, 0x1000, 0x1000, 0x1000, 0x1000, 0xE000,  // j
0x4000, 0x4000, 0x4800, 0x5000, 0x6000, 0x5000, 0x4800, 0x4400, 0x0000, 0x0000,  // k
0x7000, 0x1000, 0x1000, 0x1000, 0x1000, 0x1000, 0x1000, 0x1000, 0x0000, 0x0000,  // l
0x0000, 0x0000, 0x7800, 0x5400, 0x5400, 0x5400, 0x5400, 0x5400, 0x0000, 0x0000,  // m
0x0000, 0x0000, 0x5800, 0x6400, 0x4400, 0x4400, 0x4400, 0x4400, 0x0000, 0x0000,  // n
0x0000, 0x0000, 0x3800, 0x4400, 0x4400, 0x4400, 0x4400, 0x3800, 0x0000, 0x0000,  // o
0x0000, 0x0000, 0x5800, 0x6400, 0x4400, 0x4400, 0x6400, 0x5800, 0x4000, 0x4000,  // p
0x0000, 0x0000, 0x3400, 0x4C00, 0x4400, 0x4400, 0x4C00, 0x3400, 0x0400, 0x0400,  // q
0x0000, 0x0000, 0x5800, 0x6400, 0x4000, 0x4000, 0x4000, 0x4000, 0x0000, 0x0000,  // r
0x0000, 0x0000, 0x3800, 0x4400, 0x3000, 0x0800, 0x4400, 0x3800, 0x0000, 0x0000,  // s
0x2000, 0x2000, 0x7800, 0x2000, 0x2000, 0x2000, 0x2000, 0x1800, 0x0000, 0x0000,  // t
0x0000, 0x0000, 0x4400, 0x4400, 0x4400, 0x4400, 0x4C00, 0x3400, 0x0000, 0x0000,  // u
0x0000, 0x0000, 0x4400, 0x4400, 0x2800, 0x2800, 0x2800, 0x1000, 0x0000, 0x0000,  // v
0x0000, 0x0000, 0x5400, 0x5400, 0x5400, 0x6C00, 0x2800, 0x2800, 0x0000, 0x0000,  // w
0x0000, 0x0000, 0x4400, 0x2800, 0x1000, 0x1000, 0x2800, 0x4400, 0x0000, 0x0000,  // x
0x0000, 0x0000, 0x4400, 0x4400, 0x2800, 0x2800, 0x1000, 0x1000, 0x1000, 0x6000,  // y
0x0000, 0x0000, 0x7C00, 0x0800, 0x1000, 0x2000, 0x4000, 0x7C00, 0x0000, 0x0000,  // z
0x1800, 0x1000, 0x1000, 0x1000, 0x2000, 0x2000, 0x1000, 0x1000, 0x1000, 0x1800,  // {
0x1000, 0x1000, 0x1000, 0x1000, 0x1000, 0x1000, 0x1000, 0x1000, 0x1000, 0x1000,  // |
0x3000, 0x1000, 0x1000, 0x1000, 0x0800, 0x0800, 0x1000, 0x1000, 0x1000, 0x3000,  // }
0x0000, 0x0000, 0x0000, 0x7400, 0x4C00, 0x0000, 0x0000, 0x0000, 0x0000, 0x0000,  // ~
};

// 80 x 106, 16960 bytes
// Pixel format: RGB565
// Algorithm: Floyd Steinberg
// Generated by img2lcd.com
static const unsigned char IMAGE[] = {
  0x2a, 0x50, 0x2a, 0x70, 0x2a, 0x70, 0x2a, 0x70, 0x2a, 0x70, 0x2a, 0x70, 0x2a, 0x70, 0x2a, 0x70,
  0x2a, 0x70, 0x2a, 0x70, 0x2a, 0x70, 0x2a, 0x70, 0x2a, 0x70, 0x2a, 0x70, 0x2a, 0x70, 0x2a, 0x70,
  0x2a, 0x70, 0x2a, 0x70, 0x2a, 0x70, 0x2a, 0x70, 0x2a, 0x70, 0x2a, 0x70, 0x2a, 0x70, 0x2a, 0x70,
  0x2a, 0x70, 0x2a, 0x70, 0x2a, 0x70, 0x2a, 0x70, 0x2a, 0x70, 0x2a, 0x70, 0x2a, 0x70, 0x2a, 0x70,
  0x2a, 0x70, 0x2a, 0x70, 0x2a, 0x70, 0x2a, 0x70, 0x2a, 0x70, 0x2a, 0x70, 0x2a, 0x70, 0x2a, 0x70,
  0x2a, 0x70, 0x2a, 0x70, 0x2a, 0x70, 0x2a, 0x70, 0x2a, 0x70, 0x2a, 0x70, 0x2a, 0x70, 0x2a, 0x70,
  0x2a, 0x70, 0x2a, 0x70, 0x2a, 0x70, 0x2a, 0x70, 0x2a, 0x70, 0x2a, 0x70, 0x2a, 0x70, 0x2a, 0x70,
  0x2a, 0x70, 0x2a, 0x70, 0x2a, 0x70, 0x2a, 0x70, 0x2a, 0x70, 0x2a, 0x70, 0x2a, 0x70, 0x2a, 0x70,
  0x2a, 0x70, 0x2a, 0x70, 0x2a, 0x70, 0x2a, 0x70, 0x2a, 0x70, 0x2a, 0x70, 0x2a, 0x70, 0x2a, 0x70,
  0x2a, 0x70, 0x2a, 0x70, 0x2a, 0x70, 0x2a, 0x70, 0x2a, 0x70, 0x2a, 0x70, 0x2a, 0x70, 0x2a, 0x70,
  0x2a, 0x70, 0x2a, 0x70, 0x2a, 0x70, 0x2a, 0x70, 0x2a, 0x70, 0x2a, 0x70, 0x2a, 0x70, 0x2a, 0x70,
  0x2a, 0x70, 0x2a, 0x70, 0x2a, 0x70, 0x2a, 0x70, 0x2a, 0x70, 0x2a, 0x70, 0x2a, 0x70, 0x2a, 0x70,
  0x2a, 0x70, 0x2a, 0x70, 0x2a, 0x70, 0x8c, 0xd7, 0x6c, 0x15, 0xff, 0xff, 0xff, 0xff, 0xff, 0xff,
  0xff, 0xff, 0xff, 0xff, 0xff, 0xff, 0xff, 0xff, 0xff, 0xff, 0xff, 0xff, 0xff, 0xff, 0xff, 0xff,
  0xff, 0xff, 0xff, 0xff, 0xff, 0xff, 0xff, 0xff, 0xff, 0xff, 0xff, 0xff, 0xff, 0xff, 0xff, 0xff,
  0xff, 0xff, 0xff, 0xff, 0xff, 0xff, 0xff, 0xff, 0xff, 0xff, 0xff, 0xff, 0xff, 0xff, 0xff, 0xff,
  0xff, 0xff, 0xff, 0xff, 0xff, 0xff, 0xff, 0xff, 0xff, 0xff, 0xff, 0xff, 0xff, 0xff, 0xff, 0xff,
  0xff, 0xff, 0xff, 0xff, 0xff, 0xff, 0xff, 0xff, 0xff, 0xff, 0xff, 0xff, 0xff, 0xff, 0xff, 0xff,
  0xff, 0xff, 0xff, 0xff, 0xff, 0xff, 0xff, 0xff, 0xff, 0xff, 0xff, 0xff, 0xff, 0xff, 0xff, 0xff,
  0xff, 0xff, 0xff, 0xff, 0xff, 0xff, 0xff, 0xff, 0xff, 0xff, 0xff, 0xff, 0xff, 0xff, 0xff, 0xff,
  0xff, 0xff, 0xff, 0xff, 0xff, 0xff, 0xff, 0xff, 0xff, 0xff, 0xff, 0xff, 0xff, 0xff, 0xff, 0xff,
  0xff, 0xff, 0xff, 0xff, 0xff, 0xff, 0xff, 0xff, 0xff, 0xff, 0xff, 0xff, 0xff, 0xff, 0xff, 0xff,
  0xff, 0xff, 0xff, 0xff, 0xff, 0xff, 0xff, 0xff, 0xff, 0xff, 0xff, 0xff, 0xff, 0xff, 0xff, 0xff,
  0xff, 0xff, 0xff, 0xff, 0xff, 0xff, 0xff, 0xff, 0xff, 0xff, 0xff, 0xff, 0xff, 0xff, 0xff, 0xff,
  0xff, 0xff, 0xff, 0xff, 0xff, 0xff, 0xff, 0xff, 0xff, 0xff, 0xff, 0xff, 0xff, 0xff, 0x84, 0xb6,
  0x6c, 0x15, 0xff, 0xff, 0xff, 0xff, 0xff, 0xff, 0xff, 0xff, 0xff, 0xff, 0xff, 0xff, 0xff, 0xff,
  0xff, 0xff, 0xff, 0xff, 0xff, 0xff, 0xff, 0xff, 0xff, 0xff, 0xff, 0xff, 0xff, 0xff, 0xff, 0xff,
  0xff, 0xff, 0xff, 0xff, 0xff, 0xff, 0xff, 0xff, 0xff, 0xff, 0xff, 0xff, 0xff, 0xff, 0xff, 0xff,
  0xff, 0xff, 0xff, 0xff, 0xff, 0xff, 0xff, 0xff, 0xff, 0xff, 0xff, 0xff, 0xff, 0xff, 0xff, 0xff,
  0xff, 0xff, 0xff, 0xff, 0xff, 0xff, 0xff, 0xff, 0xff, 0xff, 0xff, 0xff, 0xff, 0xff, 0xff, 0xff,
  0xff, 0xff, 0xff, 0xff, 0xff, 0xff, 0xff, 0xff, 0xff, 0xff, 0xff, 0xff, 0xff, 0xff, 0xff, 0xff,
  0xff, 0xff, 0xff, 0xff, 0xff, 0xff, 0xff, 0xff, 0xff, 0xff, 0xff, 0xff, 0xff, 0xff, 0xff, 0xff,
  0xff, 0xff, 0xff, 0xff, 0xff, 0xff, 0xff, 0xff, 0xff, 0xff, 0xff, 0xff, 0xff, 0xff, 0xff, 0xff,
  0xff, 0xff, 0xff, 0xff, 0xff, 0xff, 0xff, 0xff, 0xff, 0xff, 0xff, 0xff, 0xff, 0xff, 0xff, 0xff,
  0xff, 0xff, 0xff, 0xff, 0xff, 0xff, 0xff, 0xff, 0xff, 0xff, 0xff, 0xff, 0xff, 0xff, 0xff, 0xff,
  0xff, 0xff, 0xff, 0xff, 0xff, 0xff, 0xff, 0xff, 0xff, 0xff, 0xff, 0xff, 0xff, 0xff, 0xff, 0xff,
  0xff, 0xff, 0xff, 0xff, 0xff, 0xff, 0xff, 0xff, 0xff, 0xff, 0xff, 0xff, 0xff, 0xff, 0xff, 0xff,
  0xff, 0xff, 0xff, 0xff, 0xff, 0xff, 0x84, 0xb6, 0x6c, 0x15, 0xff, 0xff, 0xff, 0xff, 0x10, 0x82,
  0x10, 0x82, 0x10, 0x82, 0x10, 0x82, 0x10, 0x82, 0x10, 0x82, 0x10, 0x82, 0x10, 0x82, 0x10, 0x82,
  0x10, 0x82, 0x10, 0x82, 0x10, 0x82, 0x10, 0x82, 0x10, 0x82, 0x10, 0x82, 0x10, 0x82, 0x10, 0x82,
  0x10, 0x82, 0x10, 0x82, 0x29, 0x65, 0xff, 0xff, 0xff, 0xff, 0xff, 0xff, 0xff, 0xff, 0xff, 0xff,
  0x6b, 0x6d, 0x10, 0x82, 0x10, 0x82, 0xf7, 0xbe, 0xff, 0xff, 0xff, 0xff, 0xff, 0xff, 0xff, 0xff,
  0xff, 0xff, 0x10, 0x82, 0x10, 0x82, 0x21, 0x24, 0xff, 0xff, 0xff, 0xff, 0x73, 0x8e, 0x10, 0x82,
  0x10, 0x82, 0xd6, 0xba, 0xff, 0xff, 0xff, 0xff, 0xff, 0xff, 0xff, 0xff, 0xff, 0xff, 0xff, 0xff,
  0xff, 0xff, 0xff, 0xff, 0xff, 0xff, 0xff, 0xff, 0xff, 0xff, 0xff, 0xff, 0xff, 0xff, 0xff, 0xff,
  0xff, 0xff, 0xff, 0xff, 0xff, 0xff, 0xff, 0xff, 0xff, 0xff, 0x10, 0x82, 0x10, 0x82, 0x10, 0x82,
  0x10, 0x82, 0x10, 0x82, 0x31, 0xa6, 0xff, 0xff, 0xff, 0xff, 0xff, 0xff, 0xff, 0xff, 0xff, 0xff,
  0x63, 0x0c, 0x10, 0x82, 0x10, 0x82, 0x10, 0x82, 0x10, 0x82, 0x10, 0x82, 0x10, 0x82, 0x10, 0x82,
  0x10, 0x82, 0x10, 0x82, 0x10, 0x82, 0x10, 0x82, 0x10, 0x82, 0x10, 0x82, 0x10, 0x82, 0x10, 0x82,
  0x10, 0x82, 0x10, 0x82, 0x10, 0x82, 0x10, 0x82, 0xff, 0xdf, 0xff, 0xff, 0xff, 0xff, 0x84, 0xb6,
  0x6c, 0x15, 0xff, 0xff, 0xff, 0xff, 0x00, 0x00, 0x00, 0x00, 0x00, 0x00, 0x00, 0x00, 0x00, 0x00,
  0x00, 0x00, 0x00, 0x00, 0x00, 0x00, 0x00, 0x00, 0x00, 0x00, 0x00, 0x00, 0x00, 0x00, 0x00, 0x00,
  0x00, 0x00, 0x00, 0x00, 0x00, 0x00, 0x00, 0x00, 0x00, 0x00, 0x00, 0x00, 0x18, 0xe3, 0xff, 0xff,
  0xff, 0xff, 0xff, 0xff, 0xff, 0xff, 0xff, 0xff, 0x63, 0x0c, 0x00, 0x00, 0x00, 0x00, 0xf7, 0x9e,
  0xff, 0xff, 0xff, 0xff, 0xff, 0xff, 0xff, 0xff, 0xff, 0xff, 0x00, 0x00, 0x00, 0x00, 0x18, 0xc3,
  0xff, 0xff, 0xff, 0xff, 0x63, 0x2c, 0x00, 0x00, 0x00, 0x00, 0xd6, 0x9a, 0xff, 0xff, 0xff, 0xff,
  0xff, 0xff, 0xff, 0xff, 0xff, 0xff, 0xff, 0xff, 0xff, 0xff, 0xff, 0xff, 0xff, 0xff, 0xff, 0xff,
  0xff, 0xff, 0xff, 0xff, 0xff, 0xff, 0xff, 0xff, 0xff, 0xff, 0xff, 0xff, 0xff, 0xff, 0xff, 0xff,
  0xff, 0xff, 0x00, 0x00, 0x00, 0x00, 0x00, 0x00, 0x00, 0x00, 0x00, 0x00, 0x21, 0x24, 0xff, 0xff,
  0xff, 0xff, 0xff, 0xff, 0xff, 0xff, 0xff, 0xff, 0x52, 0xaa, 0x00, 0x00, 0x00, 0x00, 0x00, 0x00,
  0x00, 0x00, 0x00, 0x00, 0x00, 0x00, 0x00, 0x00, 0x00, 0x00, 0x00, 0x00, 0x00, 0x00, 0x00, 0x00,
  0x00, 0x00, 0x00, 0x00, 0x00, 0x00, 0x00, 0x00, 0x00, 0x00, 0x00, 0x00, 0x00, 0x00, 0x00, 0x00,
  0xff, 0xdf, 0xff, 0xff, 0xff, 0xff, 0x84, 0xb6, 0x6c, 0x15, 0xff, 0xff, 0xff, 0xff, 0x00, 0x00,
  0x00, 0x00, 0x00, 0x00, 0x00, 0x00, 0x00, 0x00, 0x00, 0x00, 0x00, 0x00, 0x00, 0x00, 0x00, 0x00,
  0x00, 0x00, 0x00, 0x00, 0x00, 0x00, 0x00, 0x00, 0x00, 0x00, 0x00, 0x00, 0x00, 0x00, 0x00, 0x00,
  0x00, 0x00, 0x00, 0x00, 0x18, 0xe3, 0xff, 0xff, 0xff, 0xff, 0xff, 0xff, 0xff, 0xff, 0xff, 0xff,
  0x63, 0x0c, 0x00, 0x00, 0x00, 0x00, 0xf7, 0x9e, 0xff, 0xff, 0xff, 0xff, 0xff, 0xff, 0xff, 0xff,
  0xff, 0xff, 0x00, 0x00, 0x00, 0x00, 0x18, 0xc3, 0xff, 0xff, 0xff, 0xff, 0x63, 0x2c, 0x00, 0x00,
  0x00, 0x00, 0xd6, 0x9a, 0xff, 0xff, 0xff, 0xff, 0xff, 0xff, 0xff, 0xff, 0xff, 0xff, 0xff, 0xff,
  0xff, 0xff, 0xff, 0xff, 0xff, 0xff, 0xff, 0xff, 0xff, 0xff, 0xff, 0xff, 0xff, 0xff, 0xff, 0xff,
  0xff, 0xff, 0xff, 0xff, 0xff, 0xff, 0xff, 0xff, 0xff, 0xff, 0x00, 0x00, 0x00, 0x00, 0x00, 0x00,
  0x00, 0x00, 0x00, 0x00, 0x21, 0x24, 0xff, 0xff, 0xff, 0xff, 0xff, 0xff, 0xff, 0xff, 0xff, 0xff,
  0x52, 0xaa, 0x00, 0x00, 0x00, 0x00, 0x00, 0x00, 0x00, 0x00, 0x00, 0x00, 0x00, 0x00, 0x00, 0x00,
  0x00, 0x00, 0x00, 0x00, 0x00, 0x00, 0x00, 0x00, 0x00, 0x00, 0x00, 0x00, 0x00, 0x00, 0x00, 0x00,
  0x00, 0x00, 0x00, 0x00, 0x00, 0x00, 0x00, 0x00, 0xff, 0xdf, 0xff, 0xff, 0xff, 0xff, 0x84, 0xb6,
  0x6c, 0x15, 0xff, 0xff, 0xff, 0xff, 0x00, 0x00, 0x00, 0x00, 0x08, 0x41, 0xff, 0xff, 0xff, 0xff,
  0xff, 0xff, 0xff, 0xff, 0xff, 0xff, 0xff, 0xff, 0xff, 0xff, 0xff, 0xff, 0xff, 0xff, 0xff, 0xff,
  0xff, 0xff, 0xff, 0xff, 0xff, 0xff, 0xff, 0xff, 0x00, 0x00, 0x00, 0x00, 0x18, 0xe3, 0xff, 0xff,
  0xff, 0xff, 0xff, 0xff, 0xff, 0xff, 0xff, 0xff, 0xff, 0xff, 0xff, 0xff, 0xff, 0xff, 0x08, 0x61,
  0x00, 0x00, 0x00, 0x00, 0x00, 0x00, 0x00, 0x00, 0x00, 0x00, 0x00, 0x00, 0x00, 0x00, 0x00, 0x00,
  0x00, 0x00, 0x00, 0x00, 0x00, 0x00, 0x00, 0x00, 0x00, 0x00, 0xd6, 0x9a, 0xff, 0xff, 0xff, 0xff,
  0x00, 0x20, 0x00, 0x00, 0x00, 0x00, 0xff, 0xff, 0xff, 0xff, 0xf7, 0xbe, 0x00, 0x00, 0x00, 0x00,
  0x00, 0x00, 0x00, 0x00, 0x00, 0x00, 0x9c, 0xf3, 0xff, 0xff, 0xff, 0xff, 0x10, 0x82, 0x00, 0x00,
  0x00, 0x00, 0xff, 0xff, 0xff, 0xff, 0xff, 0xff, 0xff, 0xff, 0xff, 0xff, 0xff, 0xff, 0xff, 0xff,
  0xff, 0xff, 0xff, 0xff, 0xff, 0xff, 0xff, 0xff, 0x52, 0xaa, 0x00, 0x00, 0x00, 0x00, 0xf7, 0x9e,
  0xff, 0xff, 0xff, 0xff, 0xff, 0xff, 0xff, 0xff, 0xff, 0xff, 0xff, 0xff, 0xff, 0xff, 0xff, 0xff,
  0xff, 0xff, 0xff, 0xff, 0xff, 0xff, 0xff, 0xff, 0xff, 0xff, 0x29, 0x45, 0x00, 0x00, 0x00, 0x00,
  0xff, 0xdf, 0xff, 0xff, 0xff, 0xff, 0x84, 0xb6, 0x6c, 0x15, 0xff, 0xff, 0xff, 0xff, 0x00, 0x00,
  0x00, 0x00, 0x08, 0x41, 0xff, 0xff, 0xff, 0xff, 0xff, 0xff, 0xff, 0xff, 0xff, 0xff, 0xff, 0xff,
  0xff, 0xff, 0xff, 0xff, 0xff, 0xff, 0xff, 0xff, 0xff, 0xff, 0xff, 0xff, 0xff, 0xff, 0xff, 0xff,
  0x00, 0x00, 0x00, 0x00, 0x18, 0xe3, 0xff, 0xff, 0xff, 0xff, 0xff, 0xff, 0xff, 0xff, 0xff, 0xff,
  0xff, 0xff, 0xff, 0xff, 0xff, 0xff, 0x08, 0x61, 0x00, 0x00, 0x00, 0x00, 0x00, 0x00, 0x00, 0x00,
  0x00, 0x00, 0x00, 0x00, 0x00, 0x00, 0x00, 0x00, 0x00, 0x00, 0x00, 0x00, 0x00, 0x00, 0x00, 0x00,
  0x00, 0x00, 0xd6, 0x9a, 0xff, 0xff, 0xff, 0xff, 0x00, 0x20, 0x00, 0x00, 0x00, 0x00, 0xff, 0xff,
  0xff, 0xff, 0xf7, 0xbe, 0x00, 0x00, 0x00, 0x00, 0x00, 0x00, 0x00, 0x00, 0x00, 0x00, 0x9c, 0xf3,
  0xff, 0xff, 0xff, 0xff, 0x10, 0x82, 0x00, 0x00, 0x00, 0x00, 0xff, 0xff, 0xff, 0xff, 0xff, 0xff,
  0xff, 0xff, 0xff, 0xff, 0xff, 0xff, 0xff, 0xff, 0xff, 0xff, 0xff, 0xff, 0xff, 0xff, 0xff, 0xff,
  0x52, 0xaa, 0x00, 0x00, 0x00, 0x00, 0xf7, 0x9e, 0xff, 0xff, 0xff, 0xff, 0xff, 0xff, 0xff, 0xff,
  0xff, 0xff, 0xff, 0xff, 0xff, 0xff, 0xff, 0xff, 0xff, 0xff, 0xff, 0xff, 0xff, 0xff, 0xff, 0xff,
  0xff, 0xff, 0x29, 0x45, 0x00, 0x00, 0x00, 0x00, 0xff, 0xdf, 0xff, 0xff, 0xff, 0xff, 0x84, 0xb6,
  0x6c, 0x15, 0xff, 0xff, 0xff, 0xff, 0x00, 0x00, 0x00, 0x00, 0x08, 0x41, 0xff, 0xff, 0xff, 0xff,
  0xff, 0xff, 0xff, 0xdf, 0xff, 0xdf, 0xff, 0xdf, 0xff, 0xdf, 0xff, 0xdf, 0xff, 0xdf, 0xff, 0xdf,
  0xff, 0xdf, 0xff, 0xff, 0xff, 0xff, 0xff, 0xff, 0x00, 0x00, 0x00, 0x00, 0x18, 0xe3, 0xff, 0xff,
  0xff, 0xff, 0xff, 0xff, 0xff, 0xdf, 0xff, 0xdf, 0xff, 0xdf, 0xff, 0xdf, 0xff, 0xdf, 0x08, 0x61,
  0x00, 0x00, 0x00, 0x00, 0x00, 0x00, 0x00, 0x00, 0x00, 0x00, 0x00, 0x00, 0x00, 0x00, 0x00, 0x00,
  0x00, 0x00, 0x00, 0x00, 0x00, 0x00, 0x00, 0x00, 0x00, 0x00, 0xd6, 0x9a, 0xff, 0xff, 0xff, 0xff,
  0x00, 0x20, 0x00, 0x00, 0x00, 0x00, 0xff, 0xdf, 0xff, 0xdf, 0xf7, 0x9e, 0x00, 0x00, 0x00, 0x00,
  0x00, 0x00, 0x00, 0x00, 0x00, 0x00, 0x9c, 0xd3, 0xff, 0xdf, 0xff, 0xdf, 0x10, 0xa2, 0x00, 0x00,
  0x00, 0x00, 0xff, 0xdf, 0xff, 0xdf, 0xff, 0xdf, 0xff, 0xff, 0xff, 0xff, 0xff, 0xff, 0xff, 0xff,
  0xff, 0xff, 0xff, 0xff, 0xff, 0xff, 0xff, 0xff, 0x52, 0xaa, 0x00, 0x00, 0x00, 0x00, 0xf7, 0x9e,
  0xff, 0xff, 0xff, 0xff, 0xff, 0xdf, 0xff, 0xdf, 0xff, 0xdf, 0xff, 0xdf, 0xff, 0xdf, 0xff, 0xdf,
  0xff, 0xdf, 0xff, 0xdf, 0xff, 0xff, 0xff, 0xff, 0xff, 0xff, 0x29, 0x45, 0x00, 0x00, 0x00, 0x00,
  0xff, 0xdf, 0xff, 0xff, 0xff, 0xff, 0x84, 0xb6, 0x6c, 0x15, 0xff, 0xff, 0xff, 0xff, 0x00, 0x00,
  0x00, 0x00, 0x08, 0x41, 0xff, 0xff, 0xff, 0xff, 0xde, 0xfb, 0x00, 0x00, 0x00, 0x00, 0x00, 0x00,
  0x00, 0x00, 0x00, 0x00, 0x00, 0x00, 0x00, 0x00, 0x00, 0x00, 0xff, 0xdf, 0xff, 0xff, 0xff, 0xff,
  0x00, 0x00, 0x00, 0x00, 0x18, 0xe3, 0xff, 0xff, 0xff, 0xff, 0x8c, 0x51, 0x00, 0x00, 0x00, 0x00,
  0x00, 0x00, 0x00, 0x00, 0x00, 0x00, 0x00, 0x00, 0x00, 0x00, 0x00, 0x00, 0xff, 0xdf, 0xff, 0xff,
  0xff, 0xff, 0x00, 0x00, 0x00, 0x00, 0x00, 0x00, 0x00, 0x00, 0x00, 0x00, 0x94, 0xb2, 0xff, 0xff,
  0xff, 0xff, 0xff, 0xff, 0xff, 0xff, 0xff, 0xff, 0x00, 0x20, 0x00, 0x00, 0x00, 0x00, 0x00, 0x00,
  0x00, 0x00, 0x00, 0x00, 0x00, 0x00, 0x00, 0x00, 0x00, 0x00, 0x00, 0x00, 0x00, 0x00, 0x00, 0x00,
  0x00, 0x00, 0x00, 0x00, 0xef, 0x5d, 0xff, 0xff, 0xff, 0xff, 0x00, 0x00, 0x00, 0x00, 0x00, 0x20,
  0xff, 0xff, 0xff, 0xff, 0xff, 0xff, 0xff, 0xff, 0xff, 0xff, 0xff, 0xff, 0xff, 0xff, 0xff, 0xff,
  0x52, 0xaa, 0x00, 0x00, 0x00, 0x00, 0xf7, 0x9e, 0xff, 0xff, 0xff, 0xff, 0x00, 0x00, 0x00, 0x00,
  0x00, 0x00, 0x00, 0x00, 0x00, 0x00, 0x00, 0x00, 0x00, 0x00, 0x00, 0x00, 0xa5, 0x34, 0xff, 0xff,
  0xff, 0xff, 0x29, 0x45, 0x00, 0x00, 0x00, 0x00, 0xff, 0xdf, 0xff, 0xff, 0xff, 0xff, 0x84, 0xb6,
  0x6c, 0x15, 0xff, 0xff, 0xff, 0xff, 0x00, 0x00, 0x00, 0x00, 0x08, 0x41, 0xff, 0xff, 0xff, 0xff,
  0xde, 0xfb, 0x00, 0x00, 0x00, 0x00, 0x00, 0x00, 0x00, 0x00, 0x00, 0x00, 0x00, 0x00, 0x00, 0x00,
  0x00, 0x00, 0xff, 0xdf, 0xff, 0xff, 0xff, 0xff, 0x00, 0x00, 0x00, 0x00, 0x18, 0xe3, 0xff, 0xff,
  0xff, 0xff, 0x8c, 0x51, 0x00, 0x00, 0x00, 0x00, 0x00, 0x00, 0x00, 0x00, 0x00, 0x00, 0x00, 0x00,
  0x00, 0x00, 0x00, 0x00, 0xff, 0xdf, 0xff, 0xff, 0xff, 0xff, 0x00, 0x00, 0x00, 0x00, 0x00, 0x00,
  0x00, 0x00, 0x00, 0x00, 0x94, 0xb2, 0xff, 0xff, 0xff, 0xff, 0xff, 0xff, 0xff, 0xff, 0xff, 0xff,
  0x00, 0x20, 0x00, 0x00, 0x00, 0x00, 0x00, 0x00, 0x00, 0x00, 0x00, 0x00, 0x00, 0x00, 0x00, 0x00,
  0x00, 0x00, 0x00, 0x00, 0x00, 0x00, 0x00, 0x00, 0x00, 0x00, 0x00, 0x00, 0xef, 0x5d, 0xff, 0xff,
  0xff, 0xff, 0x00, 0x00, 0x00, 0x00, 0x00, 0x20, 0xff, 0xff, 0xff, 0xff, 0xff, 0xff, 0xff, 0xff,
  0xff, 0xff, 0xff, 0xff, 0xff, 0xff, 0xff, 0xff, 0x52, 0xaa, 0x00, 0x00, 0x00, 0x00, 0xf7, 0x9e,
  0xff, 0xff, 0xff, 0xff, 0x00, 0x00, 0x00, 0x00, 0x00, 0x00, 0x00, 0x00, 0x00, 0x00, 0x00, 0x00,
  0x00, 0x00, 0x00, 0x00, 0xa5, 0x34, 0xff, 0xff, 0xff, 0xff, 0x29, 0x45, 0x00, 0x00, 0x00, 0x00,
  0xff, 0xdf, 0xff, 0xff, 0xff, 0xff, 0x84, 0xb6, 0x6c, 0x15, 0xff, 0xff, 0xff, 0xff, 0x00, 0x00,
  0x00, 0x00, 0x08, 0x41, 0xff, 0xff, 0xff, 0xff, 0xde, 0xfb, 0x00, 0x00, 0x00, 0x00, 0x00, 0x00,
  0x00, 0x00, 0x00, 0x00, 0x00, 0x00, 0x00, 0x00, 0x00, 0x00, 0xff, 0xdf, 0xff, 0xff, 0xff, 0xff,
  0x00, 0x00, 0x00, 0x00, 0x18, 0xe3, 0xff, 0xff, 0xff, 0xff, 0x94, 0xb2, 0x18, 0xc3, 0x18, 0xc3,
  0x08, 0x41, 0x00, 0x00, 0x00, 0x00, 0x00, 0x00, 0x00, 0x00, 0x00, 0x00, 0xde, 0xfb, 0xe7, 0x3c,
  0xe7, 0x3c, 0x18, 0xc3, 0x18, 0xc3, 0x18, 0xc3, 0x00, 0x00, 0x00, 0x00, 0x84, 0x30, 0xe7, 0x3c,
  0xe7, 0x1c, 0xe7, 0x3c, 0xe7, 0x3c, 0xe7, 0x3c, 0x18, 0xe3, 0x18, 0xc3, 0x18, 0xc3, 0x18, 0xc3,
  0x18, 0xc3, 0x18, 0xc3, 0x18, 0xc3, 0x18, 0xc3, 0x10, 0xa2, 0x00, 0x00, 0x00, 0x00, 0x10, 0x82,
  0x18, 0xc3, 0x18, 0xc3, 0xd6, 0x9a, 0xe7, 0x1c, 0xe7, 0x3c, 0x18, 0xc3, 0x18, 0xc3, 0x21, 0x04,
  0xff, 0xff, 0xff, 0xff, 0xff, 0xff, 0xff, 0xff, 0xff, 0xff, 0xff, 0xff, 0xff, 0xff, 0xff, 0xff,
  0x52, 0xaa, 0x00, 0x00, 0x00, 0x00, 0xf7, 0x9e, 0xff, 0xff, 0xff, 0xff, 0x00, 0x00, 0x00, 0x00,
  0x00, 0x00, 0x00, 0x00, 0x00, 0x00, 0x00, 0x00, 0x00, 0x00, 0x00, 0x00, 0xa5, 0x34, 0xff, 0xff,
  0xff, 0xff, 0x29, 0x45, 0x00, 0x00, 0x00, 0x00, 0xff, 0xdf, 0xff, 0xff, 0xff, 0xff, 0x84, 0xb6,
  0x6c, 0x15, 0xff, 0xff, 0xff, 0xff, 0x00, 0x00, 0x00, 0x00, 0x08, 0x41, 0xff, 0xff, 0xff, 0xff,
  0xde, 0xfb, 0x00, 0x00, 0x00, 0x00, 0x00, 0x00, 0x00, 0x00, 0x00, 0x00, 0x00, 0x00, 0x00, 0x00,
  0x00, 0x00, 0xff, 0xdf, 0xff, 0xff, 0xff, 0xff, 0x00, 0x00, 0x00, 0x00, 0x18, 0xe3, 0xff, 0xff,
  0xff, 0xff, 0xff, 0xff, 0xff, 0xff, 0xff, 0xff, 0x63, 0x0c, 0x00, 0x00, 0x00, 0x00, 0x00, 0x00,
  0x00, 0x00, 0x00, 0x00, 0x00, 0x00, 0x00, 0x00, 0x00, 0x00, 0xff, 0xff, 0xff, 0xff, 0xe7, 0x3c,
  0x00, 0x00, 0x00, 0x00, 0x00, 0x00, 0x00, 0x00, 0x00, 0x00, 0x00, 0x00, 0x00, 0x00, 0x00, 0x00,
  0xff, 0xdf, 0xff, 0xff, 0xff, 0xff, 0xff, 0xff, 0xff, 0xff, 0xff, 0xff, 0xff, 0xff, 0xff, 0xff,
  0xce, 0x59, 0x00, 0x00, 0x00, 0x00, 0x9c, 0xf3, 0xff, 0xff, 0xff, 0xff, 0x10, 0x82, 0x00, 0x00,
  0x00, 0x00, 0xff, 0xff, 0xff, 0xff, 0xff, 0xff, 0xff, 0xff, 0xff, 0xff, 0xff, 0xff, 0xff, 0xff,
  0xff, 0xff, 0xff, 0xff, 0xff, 0xff, 0xff, 0xff, 0x52, 0xaa, 0x00, 0x00, 0x00, 0x00, 0xf7, 0x9e,
  0xff, 0xff, 0xff, 0xff, 0x00, 0x00, 0x00, 0x00, 0x00, 0x00, 0x00, 0x00, 0x00, 0x00, 0x00, 0x00,
  0x00, 0x00, 0x00, 0x00, 0xa5, 0x34, 0xff, 0xff, 0xff, 0xff, 0x29, 0x45, 0x00, 0x00, 0x00, 0x00,
  0xff, 0xdf, 0xff, 0xff, 0xff, 0xff, 0x84, 0xb6, 0x6c, 0x15, 0xff, 0xff, 0xff, 0xff, 0x00, 0x00,
  0x00, 0x00, 0x08, 0x41, 0xff, 0xff, 0xff, 0xff, 0xde, 0xfb, 0x00, 0x00, 0x00, 0x00, 0x00, 0x00,
  0x00, 0x00, 0x00, 0x00, 0x00, 0x00, 0x00, 0x00, 0x00, 0x00, 0xff, 0xdf, 0xff, 0xff, 0xff, 0xff,
  0x00, 0x00, 0x00, 0x00, 0x18, 0xe3, 0xff, 0xff, 0xff, 0xff, 0xff, 0xff, 0xff, 0xff, 0xff, 0xff,
  0x63, 0x0c, 0x00, 0x00, 0x00, 0x00, 0x00, 0x00, 0x00, 0x00, 0x00, 0x00, 0x00, 0x00, 0x00, 0x00,
  0x00, 0x00, 0xff, 0xff, 0xff, 0xff, 0xe7, 0x3c, 0x00, 0x00, 0x00, 0x00, 0x00, 0x00, 0x00, 0x00,
  0x00, 0x00, 0x00, 0x00, 0x00, 0x00, 0x00, 0x00, 0xff, 0xdf, 0xff, 0xff, 0xff, 0xff, 0xff, 0xff,
  0xff, 0xff, 0xff, 0xff, 0xff, 0xff, 0xff, 0xff, 0xce, 0x59, 0x00, 0x00, 0x00, 0x00, 0x9c, 0xf3,
  0xff, 0xff, 0xff, 0xff, 0x10, 0x82, 0x00, 0x00, 0x00, 0x00, 0xff, 0xff, 0xff, 0xff, 0xff, 0xff,
  0xff, 0xff, 0xff, 0xff, 0xff, 0xff, 0xff, 0xff, 0xff, 0xff, 0xff, 0xff, 0xff, 0xff, 0xff, 0xff,
  0x52, 0xaa, 0x00, 0x00, 0x00, 0x00, 0xf7, 0x9e, 0xff, 0xff, 0xff, 0xff, 0x00, 0x00, 0x00, 0x00,
  0x00, 0x00, 0x00, 0x00, 0x00, 0x00, 0x00, 0x00, 0x00, 0x00, 0x00, 0x00, 0xa5, 0x34, 0xff, 0xff,
  0xff, 0xff, 0x29, 0x45, 0x00, 0x00, 0x00, 0x00, 0xff, 0xdf, 0xff, 0xff, 0xff, 0xff, 0x84, 0xb6,
  0x6c, 0x15, 0xff, 0xff, 0xff, 0xff, 0x00, 0x00, 0x00, 0x00, 0x08, 0x41, 0xff, 0xff, 0xff, 0xff,
  0xde, 0xfb, 0x00, 0x00, 0x00, 0x00, 0x00, 0x00, 0x00, 0x00, 0x00, 0x00, 0x00, 0x00, 0x00, 0x00,
  0x00, 0x00, 0xff, 0xdf, 0xff, 0xff, 0xff, 0xff, 0x00, 0x00, 0x00, 0x00, 0x18, 0xe3, 0xff, 0xff,
  0xff, 0xff, 0xff, 0xff, 0xff, 0xff, 0xff, 0xff, 0x94, 0x92, 0x4a, 0x69, 0x4a, 0x69, 0x00, 0x20,
  0x00, 0x00, 0x00, 0x00, 0x4a, 0x49, 0x4a, 0x69, 0x4a, 0x69, 0xff, 0xff, 0xff, 0xff, 0xe7, 0x3c,
  0x00, 0x00, 0x00, 0x00, 0x00, 0x00, 0x00, 0x00, 0x00, 0x00, 0x00, 0x00, 0x00, 0x00, 0x00, 0x00,
  0xad, 0x75, 0xb5, 0x96, 0xb5, 0x96, 0xff, 0xff, 0xff, 0xff, 0xff, 0xff, 0xff, 0xff, 0xff, 0xff,
  0xce, 0x59, 0x00, 0x00, 0x00, 0x00, 0x6b, 0x6d, 0xb5, 0x96, 0xb5, 0x96, 0x52, 0x8a, 0x4a, 0x69,
  0x4a, 0x69, 0xb5, 0x96, 0xb5, 0x96, 0xb5, 0xb6, 0xff, 0xff, 0xff, 0xff, 0xf7, 0x9e, 0xb5, 0x96,
  0xb5, 0x96, 0xd6, 0x9a, 0xff, 0xff, 0xff, 0xff, 0x52, 0xaa, 0x00, 0x00, 0x00, 0x00, 0xf7, 0x9e,
  0xff, 0xff, 0xff, 0xff, 0x00, 0x00, 0x00, 0x00, 0x00, 0x00, 0x00, 0x00, 0x00, 0x00, 0x00, 0x00,
  0x00, 0x00, 0x00, 0x00, 0xa5, 0x34, 0xff, 0xff, 0xff, 0xff, 0x29, 0x45, 0x00, 0x00, 0x00, 0x00,
  0xff, 0xdf, 0xff, 0xff, 0xff, 0xff, 0x84, 0xb6, 0x6c, 0x15, 0xff, 0xff, 0xff, 0xff, 0x00, 0x00,
  0x00, 0x00, 0x08, 0x41, 0xff, 0xff, 0xff, 0xff, 0xde, 0xfb, 0x00, 0x00, 0x00, 0x00, 0x00, 0x00,
  0x00, 0x00, 0x00, 0x00, 0x00, 0x00, 0x00, 0x00, 0x00, 0x00, 0xff, 0xdf, 0xff, 0xff, 0xff, 0xff,
  0x00, 0x00, 0x00, 0x00, 0x18, 0xe3, 0xff, 0xff, 0xff, 0xff, 0xff, 0xff, 0xff, 0xff, 0xff, 0xff,
  0xff, 0xff, 0xff, 0xff, 0xff, 0xff, 0x08, 0x61, 0x00, 0x00, 0x00, 0x00, 0xff, 0xdf, 0xff, 0xff,
  0xff, 0xff, 0xff, 0xff, 0xff, 0xff, 0xe7, 0x3c, 0x00, 0x00, 0x00, 0x00, 0x00, 0x00, 0x00, 0x00,
  0x00, 0x00, 0x00, 0x00, 0x00, 0x00, 0x00, 0x00, 0x00, 0x00, 0x00, 0x00, 0x00, 0x00, 0xff, 0xff,
  0xff, 0xff, 0xff, 0xff, 0xff, 0xff, 0xff, 0xff, 0xce, 0x59, 0x00, 0x00, 0x00, 0x00, 0x00, 0x00,
  0x00, 0x00, 0x00, 0x00, 0xef, 0x5d, 0xff, 0xff, 0xff, 0xff, 0x00, 0x00, 0x00, 0x00, 0x00, 0x20,
  0xff, 0xff, 0xff, 0xff, 0xde, 0xdb, 0x00, 0x00, 0x00, 0x00, 0x6b, 0x6d, 0xff, 0xff, 0xff, 0xff,
  0x52, 0xaa, 0x00, 0x00, 0x00, 0x00, 0xf7, 0x9e, 0xff, 0xff, 0xff, 0xff, 0x00, 0x00, 0x00, 0x00,
  0x00, 0x00, 0x00, 0x00, 0x00, 0x00, 0x00, 0x00, 0x00, 0x00, 0x00, 0x00, 0xa5, 0x34, 0xff, 0xff,
  0xff, 0xff, 0x29, 0x45, 0x00, 0x00, 0x00, 0x00, 0xff, 0xdf, 0xff, 0xff, 0xff, 0xff, 0x84, 0xb6,
  0x6c, 0x15, 0xff, 0xff, 0xff, 0xff, 0x00, 0x00, 0x00, 0x00, 0x08, 0x41, 0xff, 0xff, 0xff, 0xff,
  0xde, 0xfb, 0x00, 0x00, 0x00, 0x00, 0x00, 0x00, 0x00, 0x00, 0x00, 0x00, 0x00, 0x00, 0x00, 0x00,
  0x00, 0x00, 0xff, 0xdf, 0xff, 0xff, 0xff, 0xff, 0x00, 0x00, 0x00, 0x00, 0x18, 0xe3, 0xff, 0xff,
  0xff, 0xff, 0xff, 0xff, 0xff, 0xff, 0xff, 0xff, 0xff, 0xff, 0xff, 0xff, 0xff, 0xff, 0x08, 0x61,
  0x00, 0x00, 0x00, 0x00, 0xff, 0xdf, 0xff, 0xff, 0xff, 0xff, 0xff, 0xff, 0xff, 0xff, 0xe7, 0x3c,
  0x00, 0x00, 0x00, 0x00, 0x00, 0x00, 0x00, 0x00, 0x00, 0x00, 0x00, 0x00, 0x00, 0x00, 0x00, 0x00,
  0x00, 0x00, 0x00, 0x00, 0x00, 0x00, 0xff, 0xff, 0xff, 0xff, 0xff, 0xff, 0xff, 0xff, 0xff, 0xff,
  0xce, 0x59, 0x00, 0x00, 0x00, 0x00, 0x00, 0x00, 0x00, 0x00, 0x00, 0x00, 0xef, 0x5d, 0xff, 0xff,
  0xff, 0xff, 0x00, 0x00, 0x00, 0x00, 0x00, 0x20, 0xff, 0xff, 0xff, 0xff, 0xde, 0xdb, 0x00, 0x00,
  0x00, 0x00, 0x6b, 0x6d, 0xff, 0xff, 0xff, 0xff, 0x52, 0xaa, 0x00, 0x00, 0x00, 0x00, 0xf7, 0x9e,
  0xff, 0xff, 0xff, 0xff, 0x00, 0x00, 0x00, 0x00, 0x00, 0x00, 0x00, 0x00, 0x00, 0x00, 0x00, 0x00,
  0x00, 0x00, 0x00, 0x00, 0xa5, 0x34, 0xff, 0xff, 0xff, 0xff, 0x29, 0x45, 0x00, 0x00, 0x00, 0x00,
  0xff, 0xdf, 0xff, 0xff, 0xff, 0xff, 0x84, 0xb6, 0x6c, 0x15, 0xff, 0xff, 0xff, 0xff, 0x00, 0x00,
  0x00, 0x00, 0x08, 0x41, 0xff, 0xff, 0xff, 0xff, 0xf7, 0xbe, 0xa5, 0x34, 0xa5, 0x34, 0xa5, 0x34,
  0xa5, 0x34, 0xa5, 0x34, 0xa5, 0x34, 0xa5, 0x34, 0xa5, 0x34, 0xff, 0xff, 0xff, 0xff, 0xff, 0xff,
  0x00, 0x00, 0x00, 0x00, 0x18, 0xe3, 0xff, 0xff, 0xff, 0xff, 0xff, 0xff, 0xff, 0xff, 0xff, 0xff,
  0x94, 0xb2, 0x52, 0xaa, 0x52, 0xaa, 0xa5, 0x14, 0xa5, 0x34, 0xa5, 0x34, 0xff, 0xff, 0xff, 0xff,
  0xff, 0xff, 0xff, 0xff, 0xff, 0xff, 0xe7, 0x3c, 0x00, 0x00, 0x00, 0x00, 0x63, 0x0c, 0xa5, 0x34,
  0xa5, 0x34, 0x18, 0xe3, 0x00, 0x00, 0x00, 0x00, 0xa5, 0x14, 0xa5, 0x34, 0xa5, 0x34, 0xff, 0xff,
  0xff, 0xff, 0xff, 0xff, 0xff, 0xff, 0xff, 0xff, 0xce, 0x59, 0x00, 0x00, 0x00, 0x00, 0x63, 0x2c,
  0xa5, 0x34, 0xa5, 0x34, 0x5a, 0xeb, 0x52, 0xaa, 0x52, 0xaa, 0x00, 0x00, 0x00, 0x00, 0x00, 0x20,
  0xff, 0xff, 0xff, 0xff, 0xde, 0xdb, 0x00, 0x00, 0x00, 0x00, 0x6b, 0x6d, 0xff, 0xff, 0xff, 0xff,
  0x52, 0xaa, 0x00, 0x00, 0x00, 0x00, 0xf7, 0x9e, 0xff, 0xff, 0xff, 0xff, 0xa5, 0x34, 0xa5, 0x34,
  0xa5, 0x34, 0xa5, 0x34, 0xa5, 0x34, 0xa5, 0x34, 0xa5, 0x34, 0xa5, 0x34, 0xde, 0xfb, 0xff, 0xff,
  0xff, 0xff, 0x29, 0x45, 0x00, 0x00, 0x00, 0x00, 0xff, 0xdf, 0xff, 0xff, 0xff, 0xff, 0x84, 0xb6,
  0x6c, 0x15, 0xff, 0xff, 0xff, 0xff, 0x00, 0x00, 0x00, 0x00, 0x08, 0x41, 0xff, 0xff, 0xff, 0xff,
  0xff, 0xff, 0xff, 0xff, 0xff, 0xff, 0xff, 0xff, 0xff, 0xff, 0xff, 0xff, 0xff, 0xff, 0xff, 0xff,
  0xff, 0xff, 0xff, 0xff, 0xff, 0xff, 0xff, 0xff, 0x00, 0x00, 0x00, 0x00, 0x18, 0xe3, 0xff, 0xff,
  0xff, 0xff, 0xff, 0xff, 0xff, 0xff, 0xff, 0xff, 0x63, 0x0c, 0x00, 0x00, 0x00, 0x00, 0xf7, 0x9e,
  0xff, 0xff, 0xff, 0xff, 0xff, 0xff, 0xff, 0xff, 0xff, 0xff, 0xff, 0xff, 0xff, 0xff, 0xe7, 0x3c,
  0x00, 0x00, 0x00, 0x00, 0x94, 0xb2, 0xff, 0xff, 0xff, 0xff, 0x29, 0x65, 0x00, 0x00, 0x00, 0x00,
  0xff, 0xdf, 0xff, 0xff, 0xff, 0xff, 0xff, 0xff, 0xff, 0xff, 0xff, 0xff, 0xff, 0xff, 0xff, 0xff,
  0xce, 0x59, 0x00, 0x00, 0x00, 0x00, 0x9c, 0xf3, 0xff, 0xff, 0xff, 0xff, 0x10, 0x82, 0x00, 0x00,
  0x00, 0x00, 0x00, 0x00, 0x00, 0x00, 0x00, 0x20, 0xff, 0xff, 0xff, 0xff, 0xde, 0xdb, 0x00, 0x00,
  0x00, 0x00, 0x6b, 0x6d, 0xff, 0xff, 0xff, 0xff, 0x52, 0xaa, 0x00, 0x00, 0x00, 0x00, 0xf7, 0x9e,
  0xff, 0xff, 0xff, 0xff, 0xff, 0xff, 0xff, 0xff, 0xff, 0xff, 0xff, 0xff, 0xff, 0xff, 0xff, 0xff,
  0xff, 0xff, 0xff, 0xff, 0xff, 0xff, 0xff, 0xff, 0xff, 0xff, 0x29, 0x45, 0x00, 0x00, 0x00, 0x00,
  0xff, 0xdf, 0xff, 0xff, 0xff, 0xff, 0x84, 0xb6, 0x6c, 0x15, 0xff, 0xff, 0xff, 0xff, 0x00, 0x00,
  0x00, 0x00, 0x08, 0x41, 0xff, 0xff, 0xff, 0xff, 0xff, 0xff, 0xff, 0xff, 0xff, 0xff, 0xff, 0xff,
  0xff, 0xff, 0xff, 0xff, 0xff, 0xff, 0xff, 0xff, 0xff, 0xff, 0xff, 0xff, 0xff, 0xff, 0xff, 0xff,
  0x00, 0x00, 0x00, 0x00, 0x18, 0xe3, 0xff, 0xff, 0xff, 0xff, 0xff, 0xff, 0xff, 0xff, 0xff, 0xff,
  0x63, 0x0c, 0x00, 0x00, 0x00, 0x00, 0xf7, 0x9e, 0xff, 0xff, 0xff, 0xff, 0xff, 0xff, 0xff, 0xff,
  0xff, 0xff, 0xff, 0xff, 0xff, 0xff, 0xe7, 0x3c, 0x00, 0x00, 0x00, 0x00, 0x94, 0xb2, 0xff, 0xff,
  0xff, 0xff, 0x29, 0x65, 0x00, 0x00, 0x00, 0x00, 0xff, 0xdf, 0xff, 0xff, 0xff, 0xff, 0xff, 0xff,
  0xff, 0xff, 0xff, 0xff, 0xff, 0xff, 0xff, 0xff, 0xce, 0x59, 0x00, 0x00, 0x00, 0x00, 0x9c, 0xf3,
  0xff, 0xff, 0xff, 0xff, 0x10, 0x82, 0x00, 0x00, 0x00, 0x00, 0x00, 0x00, 0x00, 0x00, 0x00, 0x20,
  0xff, 0xff, 0xff, 0xff, 0xde, 0xdb, 0x00, 0x00, 0x00, 0x00, 0x6b, 0x6d, 0xff, 0xff, 0xff, 0xff,
  0x52, 0xaa, 0x00, 0x00, 0x00, 0x00, 0xf7, 0x9e, 0xff, 0xff, 0xff, 0xff, 0xff, 0xff, 0xff, 0xff,
  0xff, 0xff, 0xff, 0xff, 0xff, 0xff, 0xff, 0xff, 0xff, 0xff, 0xff, 0xff, 0xff, 0xff, 0xff, 0xff,
  0xff, 0xff, 0x29, 0x45, 0x00, 0x00, 0x00, 0x00, 0xff, 0xdf, 0xff, 0xff, 0xff, 0xff, 0x84, 0xb6,
  0x6c, 0x15, 0xff, 0xff, 0xff, 0xff, 0x00, 0x00, 0x00, 0x00, 0x00, 0x00, 0x08, 0x61, 0x08, 0x61,
  0x10, 0x82, 0x08, 0x61, 0x10, 0x82, 0x08, 0x61, 0x08, 0x61, 0x08, 0x61, 0x10, 0x82, 0x08, 0x61,
  0x08, 0x61, 0x10, 0x82, 0x08, 0x61, 0x08, 0x61, 0x00, 0x00, 0x00, 0x00, 0x18, 0xe3, 0xff, 0xff,
  0xff, 0xff, 0x8c, 0x71, 0x08, 0x61, 0x08, 0x61, 0x9c, 0xd3, 0xef, 0x7d, 0xef, 0x7d, 0x18, 0xc3,
  0x08, 0x61, 0x08, 0x61, 0xff, 0xdf, 0xff, 0xff, 0xff, 0xff, 0x10, 0x82, 0x08, 0x61, 0x18, 0xe3,
  0xef, 0x7d, 0xef, 0x7d, 0x63, 0x2c, 0x10, 0x82, 0x08, 0x61, 0xce, 0x59, 0xef, 0x7d, 0xef, 0x7d,
  0x10, 0xa2, 0x08, 0x61, 0x08, 0x61, 0xff, 0xff, 0xff, 0xff, 0xf7, 0xbe, 0x08, 0x61, 0x08, 0x61,
  0x39, 0xc7, 0xef, 0x7d, 0xef, 0x7d, 0x63, 0x2c, 0x08, 0x61, 0x08, 0x61, 0xe7, 0x1c, 0xef, 0x7d,
  0xef, 0x7d, 0x00, 0x00, 0x00, 0x00, 0x00, 0x20, 0xff, 0xff, 0xff, 0xff, 0xde, 0xdb, 0x00, 0x00,
  0x00, 0x00, 0x6b, 0x6d, 0xff, 0xff, 0xff, 0xff, 0x52, 0xaa, 0x00, 0x00, 0x00, 0x00, 0x08, 0x61,
  0x08, 0x61, 0x08, 0x61, 0x08, 0x61, 0x08, 0x61, 0x08, 0x61, 0x08, 0x61, 0x08, 0x61, 0x10, 0x82,
  0x08, 0x61, 0x08, 0x61, 0x10, 0x82, 0x08, 0x61, 0x08, 0x61, 0x00, 0x00, 0x00, 0x00, 0x00, 0x00,
  0xff, 0xdf, 0xff, 0xff, 0xff, 0xff, 0x84, 0xb6, 0x6c, 0x15, 0xff, 0xff, 0xff, 0xff, 0x00, 0x00,
  0x00, 0x00, 0x00, 0x00, 0x00, 0x00, 0x00, 0x00, 0x00, 0x00, 0x00, 0x00, 0x00, 0x00, 0x00, 0x00,
  0x00, 0x00, 0x00, 0x00, 0x00, 0x00, 0x00, 0x00, 0x00, 0x00, 0x00, 0x00, 0x00, 0x00, 0x00, 0x00,
  0x00, 0x00, 0x00, 0x00, 0x18, 0xe3, 0xff, 0xff, 0xff, 0xff, 0x8c, 0x51, 0x00, 0x00, 0x00, 0x00,
  0x9c, 0xf3, 0xff, 0xff, 0xff, 0xff, 0x08, 0x61, 0x00, 0x00, 0x00, 0x00, 0xff, 0xdf, 0xff, 0xff,
  0xff, 0xff, 0x00, 0x00, 0x00, 0x00, 0x18, 0xc3, 0xff, 0xff, 0xff, 0xff, 0x63, 0x2c, 0x00, 0x00,
  0x00, 0x00, 0xd6, 0x9a, 0xff, 0xff, 0xff, 0xff, 0x00, 0x20, 0x00, 0x00, 0x00, 0x00, 0xff, 0xff,
  0xff, 0xff, 0xf7, 0xbe, 0x00, 0x00, 0x00, 0x00, 0x31, 0x86, 0xff, 0xff, 0xff, 0xff, 0x63, 0x0c,
  0x00, 0x00, 0x00, 0x00, 0xef, 0x5d, 0xff, 0xff, 0xff, 0xff, 0x00, 0x00, 0x00, 0x00, 0x00, 0x20,
  0xff, 0xff, 0xff, 0xff, 0xde, 0xdb, 0x00, 0x00, 0x00, 0x00, 0x6b, 0x6d, 0xff, 0xff, 0xff, 0xff,
  0x52, 0xaa, 0x00, 0x00, 0x00, 0x00, 0x00, 0x00, 0x00, 0x00, 0x00, 0x00, 0x00, 0x00, 0x00, 0x00,
  0x00, 0x00, 0x00, 0x00, 0x00, 0x00, 0x00, 0x00, 0x00, 0x00, 0x00, 0x00, 0x00, 0x00, 0x00, 0x00,
  0x00, 0x00, 0x00, 0x00, 0x00, 0x00, 0x00, 0x00, 0xff, 0xdf, 0xff, 0xff, 0xff, 0xff, 0x84, 0xb6,
  0x6c, 0x15, 0xff, 0xff, 0xff, 0xff, 0x00, 0x00, 0x00, 0x00, 0x00, 0x00, 0x00, 0x00, 0x00, 0x00,
  0x00, 0x00, 0x00, 0x00, 0x00, 0x00, 0x00, 0x00, 0x00, 0x00, 0x00, 0x00, 0x00, 0x00, 0x00, 0x00,
  0x00, 0x00, 0x00, 0x00, 0x00, 0x00, 0x00, 0x00, 0x00, 0x00, 0x00, 0x00, 0x18, 0xe3, 0xff, 0xff,
  0xff, 0xff, 0x8c, 0x51, 0x00, 0x00, 0x00, 0x00, 0x9c, 0xf3, 0xff, 0xff, 0xff, 0xff, 0x08, 0x61,
  0x00, 0x00, 0x00, 0x00, 0xff, 0xdf, 0xff, 0xff, 0xff, 0xff, 0x00, 0x00, 0x00, 0x00, 0x18, 0xc3,
  0xff, 0xff, 0xff, 0xff, 0x63, 0x2c, 0x00, 0x00, 0x00, 0x00, 0xd6, 0x9a, 0xff, 0xff, 0xff, 0xff,
  0x00, 0x20, 0x00, 0x00, 0x00, 0x00, 0xff, 0xff, 0xff, 0xff, 0xf7, 0xbe, 0x00, 0x00, 0x00, 0x00,
  0x31, 0x86, 0xff, 0xff, 0xff, 0xff, 0x63, 0x0c, 0x00, 0x00, 0x00, 0x00, 0xef, 0x5d, 0xff, 0xff,
  0xff, 0xff, 0x00, 0x00, 0x00, 0x00, 0x00, 0x20, 0xff, 0xff, 0xff, 0xff, 0xde, 0xdb, 0x00, 0x00,
  0x00, 0x00, 0x6b, 0x6d, 0xff, 0xff, 0xff, 0xff, 0x52, 0xaa, 0x00, 0x00, 0x00, 0x00, 0x00, 0x00,
  0x00, 0x00, 0x00, 0x00, 0x00, 0x00, 0x00, 0x00, 0x00, 0x00, 0x00, 0x00, 0x00, 0x00, 0x00, 0x00,
  0x00, 0x00, 0x00, 0x00, 0x00, 0x00, 0x00, 0x00, 0x00, 0x00, 0x00, 0x00, 0x00, 0x00, 0x00, 0x00,
  0xff, 0xdf, 0xff, 0xff, 0xff, 0xff, 0x84, 0xb6, 0x6c, 0x15, 0xff, 0xff, 0xff, 0xff, 0xff, 0xff,
  0xff, 0xff, 0xff, 0xff, 0xff, 0xff, 0xff, 0xff, 0xff, 0xff, 0xff, 0xff, 0xff, 0xff, 0xff, 0xff,
  0xff, 0xff, 0xff, 0xff, 0xff, 0xff, 0xff, 0xff, 0xff, 0xff, 0xff, 0xff, 0xff, 0xff, 0xff, 0xff,
  0xff, 0xff, 0xff, 0xff, 0xff, 0xff, 0xff, 0xff, 0xff, 0xff, 0x8c, 0x51, 0x00, 0x00, 0x00, 0x00,
  0x00, 0x00, 0x00, 0x00, 0x00, 0x00, 0x00, 0x00, 0x00, 0x00, 0x00, 0x00, 0xff, 0xdf, 0xff, 0xff,
  0xff, 0xff, 0x00, 0x00, 0x00, 0x00, 0x18, 0xc3, 0xff, 0xff, 0xff, 0xff, 0x63, 0x2c, 0x00, 0x00,
  0x00, 0x00, 0xd6, 0x9a, 0xff, 0xff, 0xff, 0xff, 0xff, 0xff, 0xff, 0xff, 0xff, 0xff, 0x00, 0x00,
  0x00, 0x00, 0x00, 0x00, 0x00, 0x00, 0x00, 0x00, 0x00, 0x00, 0x00, 0x00, 0x00, 0x00, 0x9c, 0xf3,
  0xff, 0xff, 0xff, 0xff, 0x10, 0x82, 0x00, 0x00, 0x00, 0x00, 0xff, 0xff, 0xff, 0xff, 0xf7, 0xbe,
  0x00, 0x00, 0x00, 0x00, 0x21, 0x24, 0xff, 0xff, 0xff, 0xff, 0xff, 0xff, 0xff, 0xff, 0xff, 0xff,
  0xff, 0xff, 0xff, 0xff, 0xff, 0xff, 0xff, 0xff, 0xff, 0xff, 0xff, 0xff, 0xff, 0xff, 0xff, 0xff,
  0xff, 0xff, 0xff, 0xff, 0xff, 0xff, 0xff, 0xff, 0xff, 0xff, 0xff, 0xff, 0xff, 0xff, 0xff, 0xff,
  0xff, 0xff, 0xff, 0xff, 0xff, 0xff, 0xff, 0xff, 0xff, 0xff, 0xff, 0xff, 0xff, 0xff, 0x84, 0xb6,
  0x6c, 0x15, 0xff, 0xff, 0xff, 0xff, 0xff, 0xff, 0xff, 0xff, 0xff, 0xff, 0xff, 0xff, 0xff, 0xff,
  0xff, 0xff, 0xff, 0xff, 0xff, 0xff, 0xff, 0xff, 0xff, 0xff, 0xff, 0xff, 0xff, 0xff, 0xff, 0xff,
  0xff, 0xff, 0xff, 0xff, 0xff, 0xff, 0xff, 0xff, 0xff, 0xff, 0xff, 0xff, 0xff, 0xff, 0xff, 0xff,
  0xff, 0xff, 0x8c, 0x51, 0x00, 0x00, 0x00, 0x00, 0x00, 0x00, 0x00, 0x00, 0x00, 0x00, 0x00, 0x00,
  0x00, 0x00, 0x00, 0x00, 0xff, 0xdf, 0xff, 0xff, 0xff, 0xff, 0x00, 0x00, 0x00, 0x00, 0x18, 0xc3,
  0xff, 0xff, 0xff, 0xff, 0x63, 0x2c, 0x00, 0x00, 0x00, 0x00, 0xd6, 0x9a, 0xff, 0xff, 0xff, 0xff,
  0xff, 0xff, 0xff, 0xff, 0xff, 0xff, 0x00, 0x00, 0x00, 0x00, 0x00, 0x00, 0x00, 0x00, 0x00, 0x00,
  0x00, 0x00, 0x00, 0x00, 0x00, 0x00, 0x9c, 0xf3, 0xff, 0xff, 0xff, 0xff, 0x10, 0x82, 0x00, 0x00,
  0x00, 0x00, 0xff, 0xff, 0xff, 0xff, 0xf7, 0xbe, 0x00, 0x00, 0x00, 0x00, 0x21, 0x24, 0xff, 0xff,
  0xff, 0xff, 0xff, 0xff, 0xff, 0xff, 0xff, 0xff, 0xff, 0xff, 0xff, 0xff, 0xff, 0xff, 0xff, 0xff,
  0xff, 0xff, 0xff, 0xff, 0xff, 0xff, 0xff, 0xff, 0xff, 0xff, 0xff, 0xff, 0xff, 0xff, 0xff, 0xff,
  0xff, 0xff, 0xff, 0xff, 0xff, 0xff, 0xff, 0xff, 0xff, 0xff, 0xff, 0xff, 0xff, 0xff, 0xff, 0xff,
  0xff, 0xff, 0xff, 0xff, 0xff, 0xff, 0x84, 0xb6, 0x6c, 0x15, 0xff, 0xff, 0xff, 0xff, 0xf7, 0xbe,
  0xf7, 0xbe, 0xf7, 0xbe, 0xf7, 0xbe, 0xf7, 0xbe, 0xf7, 0xbe, 0xf7, 0xbe, 0xf7, 0xbe, 0xff, 0xdf,
  0xff, 0xff, 0xff, 0xff, 0xf7, 0xbe, 0xf7, 0xbe, 0xf7, 0xbe, 0xf7, 0xbe, 0xf7, 0xbe, 0xf7, 0xbe,
  0xf7, 0xbe, 0xf7, 0xbe, 0xf7, 0xbe, 0xf7, 0xbe, 0xf7, 0xbe, 0x84, 0x10, 0x00, 0x00, 0x00, 0x00,
  0x00, 0x20, 0x08, 0x41, 0x08, 0x41, 0x00, 0x00, 0x00, 0x00, 0x00, 0x00, 0xef, 0x7d, 0xf7, 0xbe,
  0xf7, 0xbe, 0x08, 0x41, 0x08, 0x41, 0x21, 0x04, 0xff, 0xff, 0xff, 0xff, 0x6b, 0x6d, 0x08, 0x41,
  0x08, 0x41, 0xd6, 0xba, 0xff, 0xff, 0xff, 0xff, 0xf7, 0xbe, 0xf7, 0xbe, 0xf7, 0xbe, 0x08, 0x41,
  0x08, 0x41, 0x08, 0x41, 0x08, 0x41, 0x08, 0x41, 0x08, 0x41, 0x08, 0x41, 0x08, 0x41, 0x9c, 0xd3,
  0xf7, 0xbe, 0xf7, 0xbe, 0x18, 0xc3, 0x08, 0x41, 0x08, 0x41, 0xf7, 0xbe, 0xf7, 0xbe, 0xef, 0x7d,
  0x08, 0x41, 0x08, 0x41, 0x29, 0x65, 0xf7, 0xbe, 0xf7, 0xbe, 0xf7, 0xbe, 0xf7, 0xbe, 0xf7, 0xbe,
  0xf7, 0xbe, 0xf7, 0xbe, 0xf7, 0xbe, 0xff, 0xff, 0xff, 0xff, 0xff, 0xff, 0xff, 0xff, 0xff, 0xff,
  0xff, 0xff, 0xff, 0xff, 0xff, 0xff, 0xff, 0xff, 0xf7, 0xbe, 0xf7, 0xbe, 0xff, 0xdf, 0xff, 0xff,
  0xff, 0xff, 0xff, 0xff, 0xff, 0xff, 0xff, 0xff, 0xff, 0xff, 0xff, 0xff, 0xff, 0xff, 0x84, 0xb6,
  0x6c, 0x15, 0xff, 0xff, 0xff, 0xff, 0x00, 0x00, 0x00, 0x00, 0x00, 0x00, 0x00, 0x00, 0x00, 0x00,
  0x00, 0x00, 0x00, 0x00, 0x00, 0x00, 0x7b, 0xef, 0xff, 0xff, 0xff, 0xff, 0x08, 0x41, 0x00, 0x00,
  0x00, 0x00, 0x00, 0x00, 0x00, 0x00, 0x00, 0x00, 0x00, 0x00, 0x00, 0x00, 0x00, 0x00, 0x00, 0x00,
  0x00, 0x00, 0x00, 0x00, 0x00, 0x00, 0x00, 0x00, 0x9c, 0xf3, 0xff, 0xff, 0xff, 0xff, 0x08, 0x61,
  0x00, 0x00, 0x00, 0x00, 0x00, 0x00, 0x00, 0x00, 0x00, 0x00, 0xff, 0xff, 0xff, 0xff, 0xff, 0xff,
  0xff, 0xff, 0xff, 0xff, 0xff, 0xff, 0xff, 0xff, 0xff, 0xff, 0xff, 0xff, 0xff, 0xff, 0xff, 0xff,
  0x00, 0x20, 0x00, 0x00, 0x00, 0x00, 0xff, 0xff, 0xff, 0xff, 0xff, 0xff, 0xff, 0xff, 0xff, 0xff,
  0xff, 0xff, 0xff, 0xff, 0xff, 0xff, 0x63, 0x0c, 0x00, 0x00, 0x00, 0x00, 0xef, 0x5d, 0xff, 0xff,
  0xff, 0xff, 0x00, 0x00, 0x00, 0x00, 0x00, 0x20, 0xff, 0xff, 0xff, 0xff, 0xde, 0xdb, 0x00, 0x00,
  0x00, 0x00, 0x00, 0x00, 0x00, 0x00, 0x00, 0x00, 0x00, 0x00, 0x00, 0x00, 0x00, 0x00, 0xf7, 0x9e,
  0xff, 0xff, 0xff, 0xff, 0xff, 0xff, 0xff, 0xff, 0xff, 0xff, 0xff, 0xff, 0xff, 0xff, 0xde, 0xfb,
  0x00, 0x00, 0x00, 0x00, 0xa5, 0x34, 0xff, 0xff, 0xff, 0xff, 0xff, 0xff, 0xff, 0xff, 0xff, 0xff,
  0xff, 0xff, 0xff, 0xff, 0xff, 0xff, 0x84, 0xb6, 0x6c, 0x15, 0xff, 0xff, 0xff, 0xff, 0x00, 0x00,
  0x00, 0x00, 0x00, 0x00, 0x00, 0x00, 0x00, 0x00, 0x00, 0x00, 0x00, 0x00, 0x00, 0x00, 0x7b, 0xef,
  0xff, 0xff, 0xff, 0xff, 0x08, 0x41, 0x00, 0x00, 0x00, 0x00, 0x00, 0x00, 0x00, 0x00, 0x00, 0x00,
  0x00, 0x00, 0x00, 0x00, 0x00, 0x00, 0x00, 0x00, 0x00, 0x00, 0x00, 0x00, 0x00, 0x00, 0x00, 0x00,
  0x9c, 0xf3, 0xff, 0xff, 0xff, 0xff, 0x08, 0x61, 0x00, 0x00, 0x00, 0x00, 0x00, 0x00, 0x00, 0x00,
  0x00, 0x00, 0xff, 0xff, 0xff, 0xff, 0xff, 0xff, 0xff, 0xff, 0xff, 0xff, 0xff, 0xff, 0xff, 0xff,
  0xff, 0xff, 0xff, 0xff, 0xff, 0xff, 0xff, 0xff, 0x00, 0x20, 0x00, 0x00, 0x00, 0x00, 0xff, 0xff,
  0xff, 0xff, 0xff, 0xff, 0xff, 0xff, 0xff, 0xff, 0xff, 0xff, 0xff, 0xff, 0xff, 0xff, 0x63, 0x0c,
  0x00, 0x00, 0x00, 0x00, 0xef, 0x5d, 0xff, 0xff, 0xff, 0xff, 0x00, 0x00, 0x00, 0x00, 0x00, 0x20,
  0xff, 0xff, 0xff, 0xff, 0xde, 0xdb, 0x00, 0x00, 0x00, 0x00, 0x00, 0x00, 0x00, 0x00, 0x00, 0x00,
  0x00, 0x00, 0x00, 0x00, 0x00, 0x00, 0xf7, 0x9e, 0xff, 0xff, 0xff, 0xff, 0xff, 0xff, 0xff, 0xff,
  0xff, 0xff, 0xff, 0xff, 0xff, 0xff, 0xde, 0xfb, 0x00, 0x00, 0x00, 0x00, 0xa5, 0x34, 0xff, 0xff,
  0xff, 0xff, 0xff, 0xff, 0xff, 0xff, 0xff, 0xff, 0xff, 0xff, 0xff, 0xff, 0xff, 0xff, 0x84, 0xb6,
  0x6c, 0x15, 0xff, 0xff, 0xff, 0xff, 0x00, 0x00, 0x00, 0x00, 0x00, 0x00, 0x31, 0xa6, 0x31, 0xa6,
  0x29, 0x65, 0x00, 0x00, 0x00, 0x00, 0x7b, 0xef, 0xff, 0xff, 0xff, 0xff, 0x08, 0x41, 0x00, 0x00,
  0x00, 0x00, 0x00, 0x00, 0x00, 0x00, 0x00, 0x00, 0x31, 0xa6, 0x31, 0xa6, 0x29, 0x65, 0x00, 0x00,
  0x00, 0x00, 0x00, 0x00, 0x00, 0x00, 0x00, 0x00, 0x9c, 0xf3, 0xff, 0xff, 0xff, 0xff, 0x08, 0x61,
  0x00, 0x00, 0x00, 0x00, 0x00, 0x00, 0x00, 0x00, 0x00, 0x00, 0xff, 0xff, 0xff, 0xff, 0xff, 0xdf,
  0xce, 0x59, 0xce, 0x59, 0xef, 0x5d, 0xff, 0xff, 0xff, 0xff, 0xff, 0xff, 0xff, 0xff, 0xff, 0xff,
  0x39, 0xc7, 0x31, 0xa6, 0x31, 0xa6, 0xce, 0x59, 0xce, 0x59, 0xce, 0x59, 0xce, 0x59, 0xce, 0x59,
  0xce, 0x59, 0xce, 0x59, 0xce, 0x59, 0x4a, 0x69, 0x00, 0x00, 0x00, 0x00, 0xbd, 0xd7, 0xce, 0x59,
  0xce, 0x59, 0x31, 0xa6, 0x31, 0xa6, 0x39, 0xc7, 0xce, 0x59, 0xce, 0x59, 0xb5, 0xb6, 0x31, 0xa6,
  0x31, 0xa6, 0x18, 0xe3, 0x00, 0x00, 0x00, 0x00, 0x21, 0x04, 0x31, 0xa6, 0x31, 0xa6, 0xc6, 0x18,
  0xce, 0x59, 0xce, 0x59, 0xce, 0x59, 0xce, 0x59, 0xce, 0x59, 0xce, 0x59, 0xce, 0x59, 0xbd, 0xd7,
  0x31, 0xa6, 0x31, 0xa6, 0x94, 0xb2, 0xce, 0x59, 0xce, 0x59, 0xf7, 0xbe, 0xff, 0xff, 0xff, 0xff,
  0xff, 0xff, 0xff, 0xff, 0xff, 0xff, 0x84, 0xb6, 0x6c, 0x15, 0xff, 0xff, 0xff, 0xff, 0x00, 0x00,
  0x00, 0x00, 0x08, 0x41, 0xff, 0xff, 0xff, 0xff, 0xde, 0xfb, 0x00, 0x00, 0x00, 0x00, 0x7b, 0xef,
  0xff, 0xff, 0xff, 0xff, 0x08, 0x41, 0x00, 0x00, 0x00, 0x00, 0x00, 0x00, 0x00, 0x00, 0x00, 0x00,
  0xff, 0xff, 0xff, 0xff, 0xe7, 0x1c, 0x00, 0x00, 0x00, 0x00, 0x00, 0x00, 0x00, 0x00, 0x00, 0x00,
  0x9c, 0xf3, 0xff, 0xff, 0xff, 0xff, 0x08, 0x61, 0x00, 0x00, 0x00, 0x00, 0x00, 0x00, 0x00, 0x00,
  0x00, 0x00, 0xff, 0xff, 0xff, 0xff, 0xe7, 0x3c, 0x00, 0x00, 0x00, 0x00, 0x94, 0xb2, 0xff, 0xff,
  0xff, 0xff, 0xff, 0xff, 0xff, 0xff, 0xff, 0xff, 0xff, 0xff, 0xff, 0xff, 0xff, 0xff, 0x00, 0x00,
  0x00, 0x00, 0x00, 0x00, 0x00, 0x00, 0x00, 0x00, 0x00, 0x00, 0x00, 0x00, 0x00, 0x00, 0x00, 0x00,
  0x00, 0x00, 0x00, 0x00, 0x00, 0x00, 0x00, 0x00, 0x00, 0x00, 0xff, 0xff, 0xff, 0xff, 0xf7, 0xbe,
  0x00, 0x00, 0x00, 0x00, 0x21, 0x24, 0xff, 0xff, 0xff, 0xff, 0x8c, 0x71, 0x00, 0x00, 0x00, 0x00,
  0xad, 0x55, 0xff, 0xff, 0xff, 0xff, 0x08, 0x61, 0x00, 0x00, 0x00, 0x00, 0x00, 0x00, 0x00, 0x00,
  0x00, 0x00, 0x00, 0x00, 0x00, 0x00, 0x21, 0x04, 0xff, 0xff, 0xff, 0xff, 0x5a, 0xcb, 0x00, 0x00,
  0x00, 0x00, 0xd6, 0xba, 0xff, 0xff, 0xff, 0xff, 0xff, 0xff, 0xff, 0xff, 0xff, 0xff, 0x84, 0xb6,
  0x6c, 0x15, 0xff, 0xff, 0xff, 0xff, 0x00, 0x00, 0x00, 0x00, 0x08, 0x41, 0xff, 0xff, 0xff, 0xff,
  0xde, 0xfb, 0x00, 0x00, 0x00, 0x00, 0x7b, 0xef, 0xff, 0xff, 0xff, 0xff, 0x08, 0x41, 0x00, 0x00,
  0x00, 0x00, 0x00, 0x00, 0x00, 0x00, 0x00, 0x00, 0xff, 0xff, 0xff, 0xff, 0xe7, 0x1c, 0x00, 0x00,
  0x00, 0x00, 0x00, 0x00, 0x00, 0x00, 0x00, 0x00, 0x9c, 0xf3, 0xff, 0xff, 0xff, 0xff, 0x08, 0x61,
  0x00, 0x00, 0x00, 0x00, 0x00, 0x00, 0x00, 0x00, 0x00, 0x00, 0xff, 0xff, 0xff, 0xff, 0xe7, 0x3c,
  0x00, 0x00, 0x00, 0x00, 0x94, 0xb2, 0xff, 0xff, 0xff, 0xff, 0xff, 0xff, 0xff, 0xff, 0xff, 0xff,
  0xff, 0xff, 0xff, 0xff, 0xff, 0xff, 0x00, 0x00, 0x00, 0x00, 0x00, 0x00, 0x00, 0x00, 0x00, 0x00,
  0x00, 0x00, 0x00, 0x00, 0x00, 0x00, 0x00, 0x00, 0x00, 0x00, 0x00, 0x00, 0x00, 0x00, 0x00, 0x00,
  0x00, 0x00, 0xff, 0xff, 0xff, 0xff, 0xf7, 0xbe, 0x00, 0x00, 0x00, 0x00, 0x21, 0x24, 0xff, 0xff,
  0xff, 0xff, 0x8c, 0x71, 0x00, 0x00, 0x00, 0x00, 0xad, 0x55, 0xff, 0xff, 0xff, 0xff, 0x08, 0x61,
  0x00, 0x00, 0x00, 0x00, 0x00, 0x00, 0x00, 0x00, 0x00, 0x00, 0x00, 0x00, 0x00, 0x00, 0x21, 0x04,
  0xff, 0xff, 0xff, 0xff, 0x5a, 0xcb, 0x00, 0x00, 0x00, 0x00, 0xd6, 0xba, 0xff, 0xff, 0xff, 0xff,
  0xff, 0xff, 0xff, 0xff, 0xff, 0xff, 0x84, 0xb6, 0x6c, 0x15, 0xff, 0xff, 0xff, 0xff, 0x00, 0x00,
  0x00, 0x00, 0x00, 0x20, 0x6b, 0x4d, 0x6b, 0x4d, 0x6b, 0x6d, 0x94, 0xb2, 0x94, 0xb2, 0x84, 0x10,
  0x6b, 0x4d, 0x6b, 0x4d, 0x94, 0xb2, 0x94, 0xb2, 0x94, 0xb2, 0x94, 0xb2, 0x94, 0xb2, 0x94, 0xb2,
  0x6b, 0x4d, 0x6b, 0x4d, 0x6b, 0x6d, 0x94, 0xb2, 0x94, 0xb2, 0x4a, 0x69, 0x00, 0x00, 0x00, 0x00,
  0x42, 0x08, 0x6b, 0x4d, 0x6b, 0x4d, 0x94, 0x92, 0x94, 0xb2, 0x94, 0xb2, 0x94, 0xb2, 0x94, 0xb2,
  0x94, 0xb2, 0xff, 0xff, 0xff, 0xff, 0xf7, 0x9e, 0x94, 0xb2, 0x94, 0xb2, 0xd6, 0x9a, 0xff, 0xff,
  0xff, 0xff, 0xff, 0xff, 0xff, 0xff, 0xff, 0xff, 0x6b, 0x6d, 0x6b, 0x4d, 0x6b, 0x4d, 0x94, 0xb2,
  0x94, 0xb2, 0x94, 0xb2, 0x94, 0xb2, 0x94, 0xb2, 0x94, 0xb2, 0x94, 0xb2, 0x94, 0xb2, 0x39, 0xc7,
  0x00, 0x00, 0x00, 0x00, 0x8c, 0x51, 0x94, 0xb2, 0x94, 0xb2, 0x6b, 0x4d, 0x6b, 0x4d, 0x6b, 0x4d,
  0x94, 0xb2, 0x94, 0xb2, 0x8c, 0x71, 0x6b, 0x4d, 0x6b, 0x4d, 0x7b, 0xef, 0x94, 0xb2, 0x94, 0xb2,
  0x7b, 0xcf, 0x6b, 0x4d, 0x6b, 0x4d, 0x94, 0xb2, 0x94, 0xb2, 0x94, 0xb2, 0x00, 0x00, 0x00, 0x00,
  0x00, 0x20, 0x94, 0xb2, 0x94, 0xb2, 0x94, 0x92, 0x6b, 0x4d, 0x6b, 0x4d, 0x21, 0x24, 0x00, 0x00,
  0x00, 0x00, 0x5a, 0xcb, 0x6b, 0x4d, 0x6b, 0x4d, 0xff, 0xdf, 0xff, 0xff, 0xff, 0xff, 0x84, 0xb6,
  0x6c, 0x15, 0xff, 0xff, 0xff, 0xff, 0x00, 0x00, 0x00, 0x00, 0x00, 0x00, 0x00, 0x00, 0x00, 0x00,
  0x18, 0xe3, 0xff, 0xff, 0xff, 0xff, 0x7b, 0xef, 0x00, 0x00, 0x00, 0x00, 0xf7, 0xbe, 0xff, 0xff,
  0xff, 0xff, 0xff, 0xff, 0xff, 0xff, 0xff, 0xff, 0x00, 0x00, 0x00, 0x00, 0x18, 0xe3, 0xff, 0xff,
  0xff, 0xff, 0x8c, 0x51, 0x00, 0x00, 0x00, 0x00, 0x00, 0x00, 0x00, 0x00, 0x00, 0x00, 0xf7, 0x9e,
  0xff, 0xff, 0xff, 0xff, 0xff, 0xff, 0xff, 0xff, 0xff, 0xff, 0xff, 0xff, 0xff, 0xff, 0xff, 0xff,
  0xff, 0xff, 0xff, 0xff, 0xff, 0xff, 0xff, 0xff, 0xff, 0xff, 0xff, 0xff, 0xff, 0xff, 0xff, 0xff,
  0x00, 0x20, 0x00, 0x00, 0x00, 0x00, 0xff, 0xff, 0xff, 0xff, 0xff, 0xff, 0xff, 0xff, 0xff, 0xff,
  0xff, 0xff, 0xff, 0xff, 0xff, 0xff, 0x63, 0x0c, 0x00, 0x00, 0x00, 0x00, 0xef, 0x5d, 0xff, 0xff,
  0xff, 0xff, 0x00, 0x00, 0x00, 0x00, 0x00, 0x20, 0xff, 0xff, 0xff, 0xff, 0xde, 0xdb, 0x00, 0x00,
  0x00, 0x00, 0x6b, 0x6d, 0xff, 0xff, 0xff, 0xff, 0x52, 0xaa, 0x00, 0x00, 0x00, 0x00, 0xf7, 0x9e,
  0xff, 0xff, 0xff, 0xff, 0x00, 0x00, 0x00, 0x00, 0x08, 0x41, 0xff, 0xff, 0xff, 0xff, 0xde, 0xfb,
  0x00, 0x00, 0x00, 0x00, 0x00, 0x00, 0x00, 0x00, 0x00, 0x00, 0x00, 0x00, 0x00, 0x00, 0x00, 0x00,
  0xff, 0xdf, 0xff, 0xff, 0xff, 0xff, 0x84, 0xb6, 0x6c, 0x15, 0xff, 0xff, 0xff, 0xff, 0x00, 0x00,
  0x00, 0x00, 0x00, 0x00, 0x00, 0x00, 0x00, 0x00, 0x18, 0xe3, 0xff, 0xff, 0xff, 0xff, 0x7b, 0xef,
  0x00, 0x00, 0x00, 0x00, 0xf7, 0xbe, 0xff, 0xff, 0xff, 0xff, 0xff, 0xff, 0xff, 0xff, 0xff, 0xff,
  0x00, 0x00, 0x00, 0x00, 0x18, 0xe3, 0xff, 0xff, 0xff, 0xff, 0x8c, 0x51, 0x00, 0x00, 0x00, 0x00,
  0x00, 0x00, 0x00, 0x00, 0x00, 0x00, 0xf7, 0x9e, 0xff, 0xff, 0xff, 0xff, 0xff, 0xff, 0xff, 0xff,
  0xff, 0xff, 0xff, 0xff, 0xff, 0xff, 0xff, 0xff, 0xff, 0xff, 0xff, 0xff, 0xff, 0xff, 0xff, 0xff,
  0xff, 0xff, 0xff, 0xff, 0xff, 0xff, 0xff, 0xff, 0x00, 0x20, 0x00, 0x00, 0x00, 0x00, 0xff, 0xff,
  0xff, 0xff, 0xff, 0xff, 0xff, 0xff, 0xff, 0xff, 0xff, 0xff, 0xff, 0xff, 0xff, 0xff, 0x63, 0x0c,
  0x00, 0x00, 0x00, 0x00, 0xef, 0x5d, 0xff, 0xff, 0xff, 0xff, 0x00, 0x00, 0x00, 0x00, 0x00, 0x20,
  0xff, 0xff, 0xff, 0xff, 0xde, 0xdb, 0x00, 0x00, 0x00, 0x00, 0x6b, 0x6d, 0xff, 0xff, 0xff, 0xff,
  0x52, 0xaa, 0x00, 0x00, 0x00, 0x00, 0xf7, 0x9e, 0xff, 0xff, 0xff, 0xff, 0x00, 0x00, 0x00, 0x00,
  0x08, 0x41, 0xff, 0xff, 0xff, 0xff, 0xde, 0xfb, 0x00, 0x00, 0x00, 0x00, 0x00, 0x00, 0x00, 0x00,
  0x00, 0x00, 0x00, 0x00, 0x00, 0x00, 0x00, 0x00, 0xff, 0xdf, 0xff, 0xff, 0xff, 0xff, 0x84, 0xb6,
  0x6c, 0x15, 0xff, 0xff, 0xff, 0xff, 0x00, 0x00, 0x00, 0x00, 0x08, 0x41, 0xc6, 0x38, 0xc6, 0x38,
  0xb5, 0xb6, 0x31, 0xa6, 0x31, 0xa6, 0x18, 0xc3, 0x00, 0x00, 0x00, 0x00, 0xf7, 0xbe, 0xff, 0xff,
  0xff, 0xff, 0xff, 0xff, 0xff, 0xff, 0xff, 0xff, 0xc6, 0x38, 0xc6, 0x38, 0xb5, 0xb6, 0x31, 0xa6,
  0x31, 0xa6, 0x18, 0xe3, 0x00, 0x00, 0x00, 0x00, 0x7b, 0xef, 0xc6, 0x38, 0xc6, 0x38, 0xff, 0xff,
  0xff, 0xff, 0xff, 0xff, 0x39, 0xc7, 0x31, 0xa6, 0x31, 0xa6, 0xff, 0xff, 0xff, 0xff, 0xef, 0x5d,
  0x31, 0xa6, 0x31, 0xa6, 0x31, 0xa6, 0x31, 0xa6, 0x31, 0xa6, 0x31, 0xa6, 0x31, 0xa6, 0x31, 0xa6,
  0xc6, 0x38, 0xc6, 0x38, 0xc6, 0x38, 0xff, 0xff, 0xff, 0xff, 0xf7, 0xbe, 0x31, 0xa6, 0x31, 0xa6,
  0x31, 0xa6, 0x31, 0xa6, 0x31, 0xa6, 0x94, 0x92, 0xc6, 0x38, 0xc6, 0x38, 0xff, 0xdf, 0xff, 0xff,
  0xff, 0xff, 0xc6, 0x38, 0xc6, 0x38, 0xc6, 0x18, 0x31, 0xa6, 0x31, 0xa6, 0x4a, 0x69, 0xc6, 0x38,
  0xc6, 0x38, 0x8c, 0x51, 0x31, 0xa6, 0x31, 0xa6, 0x94, 0xb2, 0xc6, 0x38, 0xc6, 0x38, 0x39, 0xe7,
  0x31, 0xa6, 0x31, 0xa6, 0xc6, 0x38, 0xc6, 0x38, 0xc6, 0x18, 0x31, 0xa6, 0x31, 0xa6, 0x4a, 0x49,
  0xc6, 0x38, 0xc6, 0x38, 0x42, 0x28, 0x00, 0x00, 0x00, 0x00, 0xa5, 0x34, 0xc6, 0x38, 0xc6, 0x38,
  0xff, 0xff, 0xff, 0xff, 0xff, 0xff, 0x84, 0xb6, 0x6c, 0x15, 0xff, 0xff, 0xff, 0xff, 0x00, 0x00,
  0x00, 0x00, 0x08, 0x41, 0xff, 0xff, 0xff, 0xff, 0xde, 0xfb, 0x00, 0x00, 0x00, 0x00, 0x00, 0x00,
  0x00, 0x00, 0x00, 0x00, 0xf7, 0xbe, 0xff, 0xff, 0xff, 0xff, 0xff, 0xff, 0xff, 0xff, 0xff, 0xff,
  0xff, 0xff, 0xff, 0xff, 0xe7, 0x1c, 0x00, 0x00, 0x00, 0x00, 0x00, 0x00, 0x00, 0x00, 0x00, 0x00,
  0x9c, 0xf3, 0xff, 0xff, 0xff, 0xff, 0xff, 0xff, 0xff, 0xff, 0xff, 0xff, 0x00, 0x20, 0x00, 0x00,
  0x00, 0x00, 0xff, 0xff, 0xff, 0xff, 0xe7, 0x3c, 0x00, 0x00, 0x00, 0x00, 0x00, 0x00, 0x00, 0x00,
  0x00, 0x00, 0x00, 0x00, 0x00, 0x00, 0x00, 0x00, 0xff, 0xdf, 0xff, 0xff, 0xff, 0xff, 0xff, 0xff,
  0xff, 0xff, 0xf7, 0xbe, 0x00, 0x00, 0x00, 0x00, 0x00, 0x00, 0x00, 0x00, 0x00, 0x00, 0x9c, 0xf3,
  0xff, 0xff, 0xff, 0xff, 0xff, 0xff, 0xff, 0xff, 0xff, 0xff, 0xff, 0xff, 0xff, 0xff, 0xf7, 0xbe,
  0x00, 0x00, 0x00, 0x00, 0x21, 0x24, 0xff, 0xff, 0xff, 0xff, 0x8c, 0x71, 0x00, 0x00, 0x00, 0x00,
  0xad, 0x55, 0xff, 0xff, 0xff, 0xff, 0x08, 0x61, 0x00, 0x00, 0x00, 0x00, 0xff, 0xff, 0xff, 0xff,
  0xf7, 0x9e, 0x00, 0x00, 0x00, 0x00, 0x21, 0x04, 0xff, 0xff, 0xff, 0xff, 0x5a, 0xcb, 0x00, 0x00,
  0x00, 0x00, 0xd6, 0xba, 0xff, 0xff, 0xff, 0xff, 0xff, 0xff, 0xff, 0xff, 0xff, 0xff, 0x84, 0xb6,
  0x6c, 0x15, 0xff, 0xff, 0xff, 0xff, 0x00, 0x00, 0x00, 0x00, 0x08, 0x41, 0xff, 0xff, 0xff, 0xff,
  0xde, 0xfb, 0x00, 0x00, 0x00, 0x00, 0x00, 0x00, 0x00, 0x00, 0x00, 0x00, 0xf7, 0xbe, 0xff, 0xff,
  0xff, 0xff, 0xff, 0xff, 0xff, 0xff, 0xff, 0xff, 0xff, 0xff, 0xff, 0xff, 0xe7, 0x1c, 0x00, 0x00,
  0x00, 0x00, 0x00, 0x00, 0x00, 0x00, 0x00, 0x00, 0x9c, 0xf3, 0xff, 0xff, 0xff, 0xff, 0xff, 0xff,
  0xff, 0xff, 0xff, 0xff, 0x00, 0x20, 0x00, 0x00, 0x00, 0x00, 0xff, 0xff, 0xff, 0xff, 0xe7, 0x3c,
  0x00, 0x00, 0x00, 0x00, 0x00, 0x00, 0x00, 0x00, 0x00, 0x00, 0x00, 0x00, 0x00, 0x00, 0x00, 0x00,
  0xff, 0xdf, 0xff, 0xff, 0xff, 0xff, 0xff, 0xff, 0xff, 0xff, 0xf7, 0xbe, 0x00, 0x00, 0x00, 0x00,
  0x00, 0x00, 0x00, 0x00, 0x00, 0x00, 0x9c, 0xf3, 0xff, 0xff, 0xff, 0xff, 0xff, 0xff, 0xff, 0xff,
  0xff, 0xff, 0xff, 0xff, 0xff, 0xff, 0xf7, 0xbe, 0x00, 0x00, 0x00, 0x00, 0x21, 0x24, 0xff, 0xff,
  0xff, 0xff, 0x8c, 0x71, 0x00, 0x00, 0x00, 0x00, 0xad, 0x55, 0xff, 0xff, 0xff, 0xff, 0x08, 0x61,
  0x00, 0x00, 0x00, 0x00, 0xff, 0xff, 0xff, 0xff, 0xf7, 0x9e, 0x00, 0x00, 0x00, 0x00, 0x21, 0x04,
  0xff, 0xff, 0xff, 0xff, 0x5a, 0xcb, 0x00, 0x00, 0x00, 0x00, 0xd6, 0xba, 0xff, 0xff, 0xff, 0xff,
  0xff, 0xff, 0xff, 0xff, 0xff, 0xff, 0x84, 0xb6, 0x6c, 0x15, 0xff, 0xff, 0xff, 0xff, 0x00, 0x00,
  0x00, 0x00, 0x00, 0x00, 0x00, 0x20, 0x00, 0x20, 0x21, 0x24, 0xf7, 0xbe, 0xf7, 0xbe, 0xf7, 0xbe,
  0xf7, 0xbe, 0xf7, 0xbe, 0xff, 0xff, 0xff, 0xff, 0xff, 0xff, 0xff, 0xff, 0xff, 0xff, 0xff, 0xff,
  0x00, 0x20, 0x00, 0x20, 0x21, 0x04, 0xf7, 0xbe, 0xf7, 0xbe, 0xf7, 0xbe, 0xf7, 0xbe, 0xf7, 0xbe,
  0xff, 0xff, 0xff, 0xff, 0xff, 0xff, 0xff, 0xff, 0xff, 0xff, 0xff, 0xff, 0xf7, 0xbe, 0xf7, 0xbe,
  0xf7, 0xbe, 0x00, 0x20, 0x00, 0x20, 0x18, 0xc3, 0xf7, 0xbe, 0xf7, 0xbe, 0x63, 0x0c, 0x00, 0x00,
  0x00, 0x00, 0x00, 0x00, 0x00, 0x00, 0x00, 0x00, 0xff, 0xdf, 0xff, 0xff, 0xff, 0xff, 0xff, 0xff,
  0xff, 0xff, 0xf7, 0xbe, 0x00, 0x00, 0x00, 0x00, 0x31, 0x86, 0xf7, 0xbe, 0xf7, 0xbe, 0x63, 0x0c,
  0x00, 0x20, 0x00, 0x20, 0x00, 0x20, 0x00, 0x20, 0x00, 0x20, 0xff, 0xff, 0xff, 0xff, 0xff, 0xff,
  0xf7, 0xbe, 0xf7, 0xbe, 0xd6, 0xba, 0x00, 0x20, 0x00, 0x20, 0x6b, 0x6d, 0xf7, 0xbe, 0xf7, 0xbe,
  0x5a, 0xcb, 0x00, 0x20, 0x00, 0x20, 0x00, 0x00, 0x00, 0x00, 0x00, 0x00, 0xff, 0xff, 0xff, 0xff,
  0xff, 0xff, 0xf7, 0xbe, 0xf7, 0xbe, 0xde, 0xdb, 0x00, 0x20, 0x00, 0x20, 0xa5, 0x34, 0xf7, 0xbe,
  0xf7, 0xbe, 0x29, 0x65, 0x00, 0x20, 0x00, 0x20, 0xff, 0xdf, 0xff, 0xff, 0xff, 0xff, 0x84, 0xb6,
  0x6c, 0x15, 0xff, 0xff, 0xff, 0xff, 0x00, 0x00, 0x00, 0x00, 0x00, 0x00, 0x00, 0x00, 0x00, 0x00,
  0x18, 0xe3, 0xff, 0xff, 0xff, 0xff, 0xff, 0xff, 0xff, 0xff, 0xff, 0xff, 0xff, 0xff, 0xff, 0xff,
  0xff, 0xff, 0xff, 0xff, 0xff, 0xff, 0xff, 0xff, 0x00, 0x00, 0x00, 0x00, 0x18, 0xe3, 0xff, 0xff,
  0xff, 0xff, 0xff, 0xff, 0xff, 0xff, 0xff, 0xff, 0xff, 0xff, 0xff, 0xff, 0xff, 0xff, 0xff, 0xff,
  0xff, 0xff, 0xff, 0xff, 0xff, 0xff, 0xff, 0xff, 0xff, 0xff, 0x00, 0x00, 0x00, 0x00, 0x18, 0xc3,
  0xff, 0xff, 0xff, 0xff, 0x63, 0x2c, 0x00, 0x00, 0x00, 0x00, 0x00, 0x00, 0x00, 0x00, 0x00, 0x00,
  0xff, 0xdf, 0xff, 0xff, 0xff, 0xff, 0xff, 0xff, 0xff, 0xff, 0xf7, 0xbe, 0x00, 0x00, 0x00, 0x00,
  0x31, 0x86, 0xff, 0xff, 0xff, 0xff, 0x63, 0x0c, 0x00, 0x00, 0x00, 0x00, 0x00, 0x00, 0x00, 0x00,
  0x00, 0x00, 0xff, 0xff, 0xff, 0xff, 0xff, 0xff, 0xff, 0xff, 0xff, 0xff, 0xde, 0xdb, 0x00, 0x00,
  0x00, 0x00, 0x6b, 0x6d, 0xff, 0xff, 0xff, 0xff, 0x52, 0xaa, 0x00, 0x00, 0x00, 0x00, 0x00, 0x00,
  0x00, 0x00, 0x00, 0x00, 0xff, 0xff, 0xff, 0xff, 0xff, 0xff, 0xff, 0xff, 0xff, 0xff, 0xde, 0xfb,
  0x00, 0x00, 0x00, 0x00, 0xa5, 0x34, 0xff, 0xff, 0xff, 0xff, 0x29, 0x45, 0x00, 0x00, 0x00, 0x00,
  0xff, 0xdf, 0xff, 0xff, 0xff, 0xff, 0x84, 0xb6, 0x6c, 0x15, 0xff, 0xff, 0xff, 0xff, 0x00, 0x00,
  0x00, 0x00, 0x00, 0x00, 0x00, 0x00, 0x00, 0x00, 0x18, 0xe3, 0xff, 0xff, 0xff, 0xff, 0xff, 0xff,
  0xff, 0xff, 0xff, 0xff, 0xff, 0xff, 0xff, 0xff, 0xff, 0xff, 0xff, 0xff, 0xff, 0xff, 0xff, 0xff,
  0x00, 0x00, 0x00, 0x00, 0x18, 0xe3, 0xff, 0xff, 0xff, 0xff, 0xff, 0xff, 0xff, 0xff, 0xff, 0xff,
  0xff, 0xff, 0xff, 0xff, 0xff, 0xff, 0xff, 0xff, 0xff, 0xff, 0xff, 0xff, 0xff, 0xff, 0xff, 0xff,
  0xff, 0xff, 0x00, 0x00, 0x00, 0x00, 0x18, 0xc3, 0xff, 0xff, 0xff, 0xff, 0x63, 0x2c, 0x00, 0x00,
  0x00, 0x00, 0x00, 0x00, 0x00, 0x00, 0x00, 0x00, 0xff, 0xdf, 0xff, 0xff, 0xff, 0xff, 0xff, 0xff,
  0xff, 0xff, 0xf7, 0xbe, 0x00, 0x00, 0x00, 0x00, 0x31, 0x86, 0xff, 0xff, 0xff, 0xff, 0x63, 0x0c,
  0x00, 0x00, 0x00, 0x00, 0x00, 0x00, 0x00, 0x00, 0x00, 0x00, 0xff, 0xff, 0xff, 0xff, 0xff, 0xff,
  0xff, 0xff, 0xff, 0xff, 0xde, 0xdb, 0x00, 0x00, 0x00, 0x00, 0x6b, 0x6d, 0xff, 0xff, 0xff, 0xff,
  0x52, 0xaa, 0x00, 0x00, 0x00, 0x00, 0x00, 0x00, 0x00, 0x00, 0x00, 0x00, 0xff, 0xff, 0xff, 0xff,
  0xff, 0xff, 0xff, 0xff, 0xff, 0xff, 0xde, 0xfb, 0x00, 0x00, 0x00, 0x00, 0xa5, 0x34, 0xff, 0xff,
  0xff, 0xff, 0x29, 0x45, 0x00, 0x00, 0x00, 0x00, 0xff, 0xdf, 0xff, 0xff, 0xff, 0xff, 0x84, 0xb6,
  0x6c, 0x15, 0xff, 0xff, 0xff, 0xff, 0xff, 0xff, 0xff, 0xff, 0xff, 0xff, 0xff, 0xff, 0xff, 0xff,
  0xff, 0xff, 0xff, 0xff, 0xff, 0xff, 0xff, 0xff, 0xff, 0xff, 0xff, 0xff, 0x08, 0x41, 0x00, 0x00,
  0x00, 0x00, 0x00, 0x00, 0x00, 0x00, 0x00, 0x00, 0xff, 0xff, 0xff, 0xff, 0xe7, 0x1c, 0x00, 0x00,
  0x00, 0x00, 0x00, 0x00, 0x00, 0x00, 0x00, 0x00, 0x9c, 0xf3, 0xff, 0xff, 0xff, 0xff, 0xff, 0xff,
  0xff, 0xff, 0xff, 0xff, 0x00, 0x20, 0x00, 0x00, 0x00, 0x00, 0x00, 0x00, 0x00, 0x00, 0x00, 0x00,
  0x00, 0x00, 0x00, 0x00, 0x00, 0x00, 0x00, 0x20, 0x00, 0x00, 0x00, 0x00, 0x00, 0x00, 0x00, 0x00,
  0xff, 0xdf, 0xff, 0xff, 0xff, 0xff, 0x00, 0x00, 0x00, 0x00, 0x08, 0x41, 0xff, 0xff, 0xff, 0xff,
  0xce, 0x59, 0x00, 0x00, 0x00, 0x00, 0x9c, 0xf3, 0xff, 0xff, 0xff, 0xff, 0x10, 0x82, 0x00, 0x00,
  0x00, 0x00, 0xff, 0xff, 0xff, 0xff, 0xf7, 0xbe, 0x00, 0x00, 0x00, 0x00, 0x21, 0x24, 0xff, 0xff,
  0xff, 0xff, 0x8c, 0x71, 0x00, 0x00, 0x00, 0x00, 0xad, 0x55, 0xff, 0xff, 0xff, 0xff, 0xff, 0xff,
  0xff, 0xff, 0xff, 0xff, 0xff, 0xff, 0xff, 0xff, 0xf7, 0x9e, 0x00, 0x00, 0x00, 0x00, 0x00, 0x00,
  0x00, 0x00, 0x00, 0x00, 0x00, 0x00, 0x00, 0x00, 0x00, 0x00, 0xd6, 0xba, 0xff, 0xff, 0xff, 0xff,
  0xff, 0xff, 0xff, 0xff, 0xff, 0xff, 0x84, 0xb6, 0x6c, 0x15, 0xff, 0xff, 0xff, 0xff, 0xff, 0xff,
  0xff, 0xff, 0xff, 0xff, 0xff, 0xff, 0xff, 0xff, 0xff, 0xff, 0xff, 0xff, 0xff, 0xff, 0xff, 0xff,
  0xff, 0xff, 0xff, 0xff, 0x08, 0x41, 0x00, 0x00, 0x00, 0x00, 0x00, 0x00, 0x00, 0x00, 0x00, 0x00,
  0xff, 0xff, 0xff, 0xff, 0xe7, 0x1c, 0x00, 0x00, 0x00, 0x00, 0x00, 0x00, 0x00, 0x00, 0x00, 0x00,
  0x9c, 0xf3, 0xff, 0xff, 0xff, 0xff, 0xff, 0xff, 0xff, 0xff, 0xff, 0xff, 0x00, 0x20, 0x00, 0x00,
  0x00, 0x00, 0x00, 0x00, 0x00, 0x00, 0x00, 0x00, 0x00, 0x00, 0x94, 0xb2, 0xff, 0xdf, 0xff, 0xbe,
  0xff, 0xdf, 0xde, 0xdb, 0x00, 0x20, 0x00, 0x00, 0xff, 0xdf, 0xff, 0xff, 0xff, 0xff, 0x00, 0x00,
  0x00, 0x00, 0xce, 0x59, 0xff, 0xff, 0xff, 0x7d, 0xff, 0xdf, 0xa5, 0x34, 0x00, 0x00, 0x9c, 0xf3,
  0xff, 0xff, 0xff, 0xff, 0x10, 0x82, 0x00, 0x00, 0x00, 0x00, 0xff, 0xff, 0xff, 0xff, 0xf7, 0xbe,
  0x00, 0x00, 0x00, 0x00, 0x21, 0x24, 0xff, 0xff, 0xff, 0xff, 0x8c, 0x71, 0x00, 0x00, 0x00, 0x00,
  0xad, 0x55, 0xff, 0xff, 0xff, 0xff, 0xff, 0xff, 0xff, 0xff, 0xff, 0xff, 0xff, 0xff, 0xff, 0xff,
  0xf7, 0x9e, 0x00, 0x00, 0x00, 0x00, 0x00, 0x00, 0x00, 0x00, 0x00, 0x00, 0x00, 0x00, 0x00, 0x00,
  0x00, 0x00, 0xd6, 0xba, 0xff, 0xff, 0xff, 0xff, 0xff, 0xff, 0xff, 0xff, 0xff, 0xff, 0x84, 0xb6,
  0x6c, 0x15, 0xff, 0xff, 0xff, 0xff, 0xf7, 0x9e, 0xf7, 0x9e, 0xf7, 0x9e, 0xff, 0xff, 0xff, 0xff,
  0xff, 0xff, 0xf7, 0x9e, 0xf7, 0x9e, 0xff, 0xdf, 0xff, 0xff, 0xff, 0xff, 0x08, 0x41, 0x00, 0x00,
  0x00, 0x00, 0x08, 0x61, 0x08, 0x61, 0x08, 0x61, 0xf7, 0x9e, 0xf7, 0x9e, 0xd6, 0xba, 0x08, 0x61,
  0x08, 0x61, 0x08, 0x41, 0x00, 0x00, 0x00, 0x00, 0x9c, 0xf3, 0xff, 0xff, 0xff, 0xff, 0xf7, 0x9e,
  0xf7, 0x9e, 0xf7, 0x9e, 0x00, 0x00, 0x00, 0x00, 0x00, 0x00, 0x00, 0x00, 0x00, 0x00, 0x00, 0x00,
  0x8c, 0x51, 0xff, 0x1c, 0xe1, 0x87, 0xa1, 0x64, 0xa1, 0x64, 0xbb, 0x0b, 0xf7, 0xbe, 0x00, 0x00,
  0xff, 0xdf, 0xff, 0xff, 0xff, 0xff, 0x08, 0x61, 0xe7, 0x3c, 0xf5, 0x35, 0xe9, 0x26, 0xe9, 0x06,
  0xe9, 0x46, 0xf5, 0xd7, 0xb5, 0x96, 0x9c, 0xd3, 0xf7, 0x9e, 0xf7, 0x9e, 0x18, 0xc3, 0x08, 0x61,
  0x08, 0x61, 0xf7, 0x9e, 0xf7, 0x9e, 0xef, 0x7d, 0x08, 0x61, 0x08, 0x61, 0x29, 0x65, 0xf7, 0x9e,
  0xf7, 0x9e, 0x8c, 0x71, 0x08, 0x61, 0x08, 0x61, 0xa5, 0x14, 0xf7, 0x9e, 0xf7, 0x9e, 0xff, 0xff,
  0xff, 0xff, 0xff, 0xff, 0xff, 0xff, 0xff, 0xff, 0xf7, 0xbe, 0x08, 0x61, 0x08, 0x61, 0x08, 0x41,
  0x00, 0x00, 0x00, 0x00, 0x00, 0x20, 0x08, 0x61, 0x08, 0x61, 0xce, 0x59, 0xf7, 0x9e, 0xf7, 0x9e,
  0xff, 0xff, 0xff, 0xff, 0xff, 0xff, 0x84, 0xb6, 0x6c, 0x15, 0xff, 0xff, 0xff, 0xff, 0x00, 0x00,
  0x00, 0x00, 0x08, 0x41, 0xff, 0xff, 0xff, 0xff, 0xde, 0xfb, 0x00, 0x00, 0x00, 0x00, 0x7b, 0xef,
  0xff, 0xff, 0xff, 0xff, 0x08, 0x41, 0x00, 0x00, 0x00, 0x00, 0xff, 0xdf, 0xff, 0xff, 0xff, 0xff,
  0x00, 0x00, 0x00, 0x00, 0x18, 0xe3, 0xff, 0xff, 0xff, 0xff, 0x8c, 0x51, 0x00, 0x00, 0x00, 0x00,
  0x9c, 0xf3, 0xff, 0xff, 0xff, 0xff, 0x08, 0x61, 0x00, 0x00, 0x00, 0x00, 0x00, 0x00, 0x00, 0x00,
  0x00, 0x00, 0x00, 0x00, 0x00, 0x00, 0x18, 0xc3, 0xff, 0xff, 0xe9, 0x87, 0xb9, 0x44, 0xa1, 0x64,
  0xa1, 0x64, 0xa1, 0x64, 0xd4, 0xd2, 0xa5, 0x34, 0xff, 0xdf, 0xff, 0xff, 0xff, 0xff, 0xff, 0xff,
  0xff, 0x5d, 0xe9, 0x06, 0xe9, 0x06, 0xe9, 0x06, 0xe9, 0x06, 0xe9, 0x06, 0xff, 0xbe, 0x63, 0x0c,
  0x00, 0x00, 0x00, 0x00, 0xef, 0x5d, 0xff, 0xff, 0xff, 0xff, 0x00, 0x00, 0x00, 0x00, 0x00, 0x20,
  0xff, 0xff, 0xff, 0xff, 0xde, 0xdb, 0x00, 0x00, 0x00, 0x00, 0x6b, 0x6d, 0xff, 0xff, 0xff, 0xff,
  0x52, 0xaa, 0x00, 0x00, 0x00, 0x00, 0xf7, 0x9e, 0xff, 0xff, 0xff, 0xff, 0xff, 0xff, 0xff, 0xff,
  0xff, 0xff, 0xff, 0xff, 0xff, 0xff, 0xde, 0xfb, 0x00, 0x00, 0x00, 0x00, 0xa5, 0x34, 0xff, 0xff,
  0xff, 0xff, 0x29, 0x45, 0x00, 0x00, 0x00, 0x00, 0xff, 0xdf, 0xff, 0xff, 0xff, 0xff, 0x84, 0xb6,
  0x6c, 0x15, 0xff, 0xff, 0xff, 0xff, 0x00, 0x00, 0x00, 0x00, 0x08, 0x41, 0xff, 0xff, 0xff, 0xff,
  0xde, 0xfb, 0x00, 0x00, 0x00, 0x00, 0x7b, 0xef, 0xff, 0xff, 0xff, 0xff, 0x08, 0x41, 0x00, 0x00,
  0x00, 0x00, 0xff, 0xdf, 0xff, 0xff, 0xff, 0xff, 0x00, 0x00, 0x00, 0x00, 0x18, 0xe3, 0xff, 0xff,
  0xff, 0xff, 0x8c, 0x51, 0x00, 0x00, 0x00, 0x00, 0x9c, 0xf3, 0xff, 0xff, 0xff, 0xff, 0x08, 0x61,
  0x00, 0x00, 0x00, 0x00, 0x00, 0x00, 0x00, 0x00, 0x00, 0x00, 0x00, 0x00, 0x00, 0x00, 0x18, 0xc3,
  0xff, 0x9e, 0xe9, 0x06, 0xb9, 0x45, 0xa1, 0x64, 0xa1, 0x64, 0xa1, 0x64, 0xa1, 0x64, 0xff, 0xbe,
  0xff, 0xff, 0xff, 0xff, 0xff, 0xff, 0xff, 0xff, 0xe9, 0xa8, 0xe9, 0x06, 0xe9, 0x06, 0xe9, 0x06,
  0xe9, 0x06, 0xe9, 0x06, 0xf5, 0xf8, 0x63, 0x0c, 0x00, 0x00, 0x00, 0x00, 0xef, 0x5d, 0xff, 0xff,
  0xff, 0xff, 0x00, 0x00, 0x00, 0x00, 0x00, 0x20, 0xff, 0xff, 0xff, 0xff, 0xde, 0xdb, 0x00, 0x00,
  0x00, 0x00, 0x6b, 0x6d, 0xff, 0xff, 0xff, 0xff, 0x52, 0xaa, 0x00, 0x00, 0x00, 0x00, 0xf7, 0x9e,
  0xff, 0xff, 0xff, 0xff, 0xff, 0xff, 0xff, 0xff, 0xff, 0xff, 0xff, 0xff, 0xff, 0xff, 0xde, 0xfb,
  0x00, 0x00, 0x00, 0x00, 0xa5, 0x34, 0xff, 0xff, 0xff, 0xff, 0x29, 0x45, 0x00, 0x00, 0x00, 0x00,
  0xff, 0xdf, 0xff, 0xff, 0xff, 0xff, 0x84, 0xb6, 0x6c, 0x15, 0xff, 0xff, 0xff, 0xff, 0x21, 0x24,
  0x21, 0x24, 0x29, 0x65, 0xff, 0xff, 0xff, 0xff, 0xe7, 0x1c, 0x21, 0x24, 0x21, 0x24, 0x94, 0x92,
  0xff, 0xff, 0xff, 0xff, 0x29, 0x65, 0x21, 0x24, 0x21, 0x24, 0xff, 0xdf, 0xff, 0xff, 0xff, 0xff,
  0x21, 0x24, 0x21, 0x24, 0x39, 0xc7, 0xde, 0xdb, 0xde, 0xdb, 0x73, 0xae, 0x00, 0x00, 0x00, 0x00,
  0x84, 0x30, 0xde, 0xdb, 0xde, 0xdb, 0x29, 0x65, 0x21, 0x24, 0x21, 0x24, 0x21, 0x24, 0x21, 0x24,
  0x21, 0x24, 0x00, 0x00, 0x00, 0x00, 0x10, 0x82, 0xff, 0xdf, 0xe9, 0x26, 0xe1, 0x05, 0xa1, 0x44,
  0xa1, 0x64, 0xa1, 0x64, 0xa1, 0x64, 0xba, 0xca, 0xff, 0xff, 0xde, 0xdb, 0xff, 0xdf, 0xf5, 0xf8,
  0xe9, 0x06, 0xe9, 0x06, 0xe9, 0x06, 0xe9, 0x06, 0xe9, 0x06, 0xe9, 0x06, 0xfe, 0xfb, 0x63, 0x0c,
  0x00, 0x00, 0x00, 0x00, 0xce, 0x59, 0xde, 0xdb, 0xde, 0xdb, 0x21, 0x24, 0x21, 0x24, 0x29, 0x45,
  0xde, 0xdb, 0xde, 0xdb, 0xbd, 0xf7, 0x21, 0x24, 0x21, 0x24, 0x73, 0x8e, 0xde, 0xdb, 0xde, 0xdb,
  0x63, 0x0c, 0x21, 0x24, 0x21, 0x24, 0xd6, 0x9a, 0xde, 0xdb, 0xde, 0xdb, 0xde, 0xdb, 0xde, 0xdb,
  0xde, 0xdb, 0xde, 0xdb, 0xde, 0xdb, 0xc6, 0x38, 0x21, 0x24, 0x21, 0x24, 0x9c, 0xf3, 0xde, 0xdb,
  0xde, 0xdb, 0x42, 0x28, 0x21, 0x24, 0x21, 0x24, 0xff, 0xdf, 0xff, 0xff, 0xff, 0xff, 0x84, 0xb6,
  0x6c, 0x15, 0xff, 0xff, 0xff, 0xff, 0xff, 0xff, 0xff, 0xff, 0xff, 0xff, 0xff, 0xff, 0xff, 0xff,
  0xff, 0xff, 0xff, 0xff, 0xff, 0xff, 0xff, 0xff, 0xff, 0xff, 0xff, 0xff, 0xff, 0xff, 0xff, 0xff,
  0xff, 0xff, 0xff, 0xff, 0xff, 0xff, 0xff, 0xff, 0xff, 0xff, 0xff, 0xff, 0xe7, 0x1c, 0x00, 0x00,
  0x00, 0x00, 0x00, 0x00, 0x00, 0x00, 0x00, 0x00, 0x00, 0x00, 0x00, 0x00, 0x00, 0x00, 0xf7, 0x9e,
  0xff, 0xff, 0xff, 0xff, 0xff, 0xff, 0xff, 0xff, 0xff, 0xff, 0x00, 0x00, 0x00, 0x00, 0x00, 0x00,
  0xd6, 0x9a, 0xeb, 0x2e, 0xe9, 0x06, 0xc1, 0x25, 0xa1, 0x64, 0xa1, 0x64, 0xa1, 0x64, 0xa1, 0x64,
  0xf6, 0xfb, 0x39, 0xa6, 0xff, 0xff, 0xe9, 0x26, 0xe9, 0x06, 0xe9, 0x06, 0xe9, 0x06, 0xe9, 0x06,
  0xe9, 0x06, 0xe9, 0x88, 0xff, 0xff, 0x63, 0x0c, 0x00, 0x00, 0x00, 0x00, 0x00, 0x00, 0x00, 0x00,
  0x00, 0x00, 0xff, 0xff, 0xff, 0xff, 0xf7, 0xbe, 0x00, 0x00, 0x00, 0x00, 0x21, 0x24, 0xff, 0xff,
  0xff, 0xff, 0x8c, 0x71, 0x00, 0x00, 0x00, 0x00, 0xad, 0x55, 0xff, 0xff, 0xff, 0xff, 0x08, 0x61,
  0x00, 0x00, 0x00, 0x00, 0x00, 0x00, 0x00, 0x00, 0x00, 0x00, 0x00, 0x00, 0x00, 0x00, 0x21, 0x04,
  0xff, 0xff, 0xff, 0xff, 0x5a, 0xcb, 0x00, 0x00, 0x00, 0x00, 0xd6, 0xba, 0xff, 0xff, 0xff, 0xff,
  0xff, 0xff, 0xff, 0xff, 0xff, 0xff, 0x84, 0xb6, 0x6c, 0x15, 0xff, 0xff, 0xff, 0xff, 0xff, 0xff,
  0xff, 0xff, 0xff, 0xff, 0xff, 0xff, 0xff, 0xff, 0xff, 0xff, 0xff, 0xff, 0xff, 0xff, 0xff, 0xff,
  0xff, 0xff, 0xff, 0xff, 0xff, 0xff, 0xff, 0xff, 0xff, 0xff, 0xff, 0xff, 0xff, 0xff, 0xff, 0xff,
  0xff, 0xff, 0xff, 0xff, 0xe7, 0x1c, 0x00, 0x00, 0x00, 0x00, 0x00, 0x00, 0x00, 0x00, 0x00, 0x00,
  0x00, 0x00, 0x00, 0x00, 0x00, 0x00, 0xf7, 0x9e, 0xff, 0xff, 0xff, 0xff, 0xff, 0xff, 0xff, 0xff,
  0xff, 0xff, 0x00, 0x00, 0x00, 0x00, 0x00, 0x00, 0x10, 0xa2, 0xff, 0xdf, 0xe9, 0x26, 0xe1, 0x05,
  0xa1, 0x44, 0xa1, 0x64, 0xa1, 0x64, 0xa1, 0x64, 0xa9, 0xe6, 0xff, 0xff, 0xf3, 0xd0, 0xe9, 0x06,
  0xe9, 0x06, 0xe9, 0x06, 0xe9, 0x06, 0xe9, 0x06, 0xe9, 0x06, 0xfe, 0xbb, 0xff, 0xff, 0x63, 0x0c,
  0x00, 0x00, 0x00, 0x00, 0x00, 0x00, 0x00, 0x00, 0x00, 0x00, 0xff, 0xff, 0xff, 0xff, 0xf7, 0xbe,
  0x00, 0x00, 0x00, 0x00, 0x21, 0x24, 0xff, 0xff, 0xff, 0xff, 0x8c, 0x71, 0x00, 0x00, 0x00, 0x00,
  0xad, 0x55, 0xff, 0xff, 0xff, 0xff, 0x08, 0x61, 0x00, 0x00, 0x00, 0x00, 0x00, 0x00, 0x00, 0x00,
  0x00, 0x00, 0x00, 0x00, 0x00, 0x00, 0x21, 0x04, 0xff, 0xff, 0xff, 0xff, 0x5a, 0xcb, 0x00, 0x00,
  0x00, 0x00, 0xd6, 0xba, 0xff, 0xff, 0xff, 0xff, 0xff, 0xff, 0xff, 0xff, 0xff, 0xff, 0x84, 0xb6,
  0x6c, 0x15, 0xff, 0xff, 0xff, 0xff, 0xff, 0xff, 0xff, 0xff, 0xf7, 0xbe, 0x31, 0xa6, 0x31, 0xa6,
  0x52, 0x8a, 0xff, 0xff, 0xff, 0xff, 0x9c, 0xf3, 0x39, 0xc7, 0x39, 0xc7, 0xff, 0xdf, 0xff, 0xff,
  0xff, 0xff, 0x39, 0xc7, 0x39, 0xc7, 0x39, 0xc7, 0x39, 0xc7, 0x39, 0xc7, 0x42, 0x28, 0xc6, 0x38,
  0xc6, 0x38, 0xc6, 0x38, 0xc6, 0x38, 0xc6, 0x38, 0xc6, 0x38, 0xc6, 0x38, 0xc6, 0x38, 0x39, 0xc7,
  0x39, 0xc7, 0x39, 0xc7, 0x31, 0xa6, 0x39, 0xc7, 0x31, 0xa6, 0xc6, 0x38, 0xc6, 0x38, 0xc6, 0x38,
  0xc6, 0x38, 0xff, 0xdf, 0xf4, 0xb3, 0xe9, 0x06, 0xd9, 0x25, 0xa1, 0x64, 0xa1, 0x64, 0xa1, 0x64,
  0xa1, 0x64, 0xdc, 0xf3, 0xe9, 0x06, 0xe9, 0x06, 0xe9, 0x06, 0xe9, 0x06, 0xe9, 0x06, 0xe9, 0x06,
  0xea, 0x4a, 0xef, 0x5d, 0x39, 0xc7, 0x94, 0x92, 0xc6, 0x38, 0xc6, 0x38, 0xc6, 0x38, 0xc6, 0x38,
  0xc6, 0x38, 0x39, 0xc7, 0x31, 0xa6, 0x39, 0xc7, 0xc6, 0x38, 0xc6, 0x38, 0xb5, 0x96, 0x31, 0xa6,
  0x39, 0xc7, 0x73, 0xae, 0xc6, 0x38, 0xc6, 0x38, 0x6b, 0x4d, 0x39, 0xc7, 0x39, 0xc7, 0x00, 0x20,
  0x00, 0x00, 0x00, 0x00, 0x00, 0x00, 0x00, 0x00, 0x00, 0x20, 0xc6, 0x38, 0xc6, 0x38, 0xbd, 0xd7,
  0x39, 0xc7, 0x39, 0xc7, 0x10, 0xa2, 0x00, 0x00, 0x00, 0x00, 0x29, 0x65, 0x39, 0xc7, 0x39, 0xc7,
  0xff, 0xdf, 0xff, 0xff, 0xff, 0xff, 0x84, 0xb6, 0x6c, 0x15, 0xff, 0xff, 0xff, 0xff, 0xff, 0xff,
  0xff, 0xff, 0xf7, 0x9e, 0x00, 0x00, 0x00, 0x00, 0x18, 0xe3, 0xff, 0xff, 0xff, 0xff, 0x7b, 0xef,
  0x00, 0x00, 0x00, 0x00, 0xf7, 0xbe, 0xff, 0xff, 0xff, 0xff, 0x00, 0x20, 0x00, 0x00, 0x00, 0x00,
  0x00, 0x00, 0x00, 0x00, 0x18, 0xe3, 0xff, 0xff, 0xff, 0xff, 0xff, 0xff, 0xff, 0xff, 0xff, 0xff,
  0xff, 0xff, 0xff, 0xff, 0xff, 0xff, 0x08, 0x61, 0x00, 0x00, 0x00, 0x00, 0x00, 0x00, 0x00, 0x00,
  0x00, 0x00, 0xff, 0xff, 0xff, 0xff, 0xff, 0xff, 0xff, 0xff, 0xff, 0xff, 0xff, 0xff, 0xe9, 0x87,
  0xe9, 0x06, 0xb9, 0x44, 0xa1, 0x64, 0xa1, 0x64, 0x99, 0x64, 0xd1, 0x25, 0xe9, 0x06, 0xe9, 0x06,
  0xe9, 0x06, 0xe9, 0x06, 0xe9, 0x06, 0xe9, 0x06, 0xff, 0x7d, 0x10, 0x82, 0x00, 0x00, 0x9c, 0xf3,
  0xff, 0xff, 0xff, 0xff, 0xff, 0xff, 0xff, 0xff, 0xff, 0xff, 0x00, 0x00, 0x00, 0x00, 0x00, 0x20,
  0xff, 0xff, 0xff, 0xff, 0xde, 0xdb, 0x00, 0x00, 0x00, 0x00, 0x6b, 0x6d, 0xff, 0xff, 0xff, 0xff,
  0x52, 0xaa, 0x00, 0x00, 0x00, 0x00, 0x00, 0x00, 0x00, 0x00, 0x00, 0x00, 0x00, 0x00, 0x00, 0x00,
  0x08, 0x41, 0xff, 0xff, 0xff, 0xff, 0xde, 0xfb, 0x00, 0x00, 0x00, 0x00, 0x00, 0x00, 0x00, 0x00,
  0x00, 0x00, 0x00, 0x00, 0x00, 0x00, 0x00, 0x00, 0xff, 0xdf, 0xff, 0xff, 0xff, 0xff, 0x84, 0xb6,
  0x6c, 0x15, 0xff, 0xff, 0xff, 0xff, 0xff, 0xff, 0xff, 0xff, 0xf7, 0x9e, 0x00, 0x00, 0x00, 0x00,
  0x18, 0xe3, 0xff, 0xff, 0xff, 0xff, 0x7b, 0xef, 0x00, 0x00, 0x00, 0x00, 0xf7, 0xbe, 0xff, 0xff,
  0xff, 0xff, 0x00, 0x20, 0x00, 0x00, 0x00, 0x00, 0x00, 0x00, 0x00, 0x00, 0x18, 0xe3, 0xff, 0xff,
  0xff, 0xff, 0xff, 0xff, 0xff, 0xff, 0xff, 0xff, 0xff, 0xff, 0xff, 0xff, 0xff, 0xff, 0x08, 0x61,
  0x00, 0x00, 0x00, 0x00, 0x00, 0x00, 0x00, 0x00, 0x00, 0x00, 0xff, 0xff, 0xff, 0xff, 0xff, 0xff,
  0xff, 0xff, 0xff, 0xff, 0xef, 0x7d, 0xfe, 0x59, 0xe9, 0x06, 0xe9, 0x06, 0xe1, 0x05, 0xd9, 0x25,
  0xe1, 0x05, 0xe9, 0x06, 0xe9, 0x06, 0xe9, 0x06, 0xe9, 0x06, 0xe9, 0x06, 0xe9, 0x06, 0xeb, 0x8f,
  0xde, 0xdb, 0x00, 0x00, 0x00, 0x00, 0x9c, 0xf3, 0xff, 0xff, 0xff, 0xff, 0xff, 0xff, 0xff, 0xff,
  0xff, 0xff, 0x00, 0x00, 0x00, 0x00, 0x00, 0x20, 0xff, 0xff, 0xff, 0xff, 0xde, 0xdb, 0x00, 0x00,
  0x00, 0x00, 0x6b, 0x6d, 0xff, 0xff, 0xff, 0xff, 0x52, 0xaa, 0x00, 0x00, 0x00, 0x00, 0x00, 0x00,
  0x00, 0x00, 0x00, 0x00, 0x00, 0x00, 0x00, 0x00, 0x08, 0x41, 0xff, 0xff, 0xff, 0xff, 0xde, 0xfb,
  0x00, 0x00, 0x00, 0x00, 0x00, 0x00, 0x00, 0x00, 0x00, 0x00, 0x00, 0x00, 0x00, 0x00, 0x00, 0x00,
  0xff, 0xdf, 0xff, 0xff, 0xff, 0xff, 0x84, 0xb6, 0x6c, 0x15, 0xff, 0xff, 0xff, 0xff, 0xff, 0xff,
  0xff, 0xff, 0xff, 0xff, 0xff, 0xff, 0xff, 0xff, 0xde, 0xfb, 0x00, 0x00, 0x00, 0x00, 0x7b, 0xef,
  0xff, 0xff, 0xff, 0xff, 0xff, 0xff, 0xff, 0xff, 0xff, 0xff, 0x00, 0x20, 0x00, 0x00, 0x00, 0x00,
  0xff, 0xff, 0xff, 0xff, 0xff, 0xff, 0xff, 0xff, 0xff, 0xff, 0xff, 0xff, 0xff, 0xff, 0xff, 0xff,
  0x63, 0x0c, 0x00, 0x00, 0x00, 0x00, 0x00, 0x00, 0x00, 0x00, 0x00, 0x00, 0x00, 0x00, 0x00, 0x00,
  0x00, 0x00, 0xff, 0xff, 0xff, 0xff, 0xff, 0xff, 0xff, 0xff, 0xff, 0xff, 0xff, 0xff, 0xff, 0xff,
  0xea, 0x09, 0xe9, 0x06, 0xe9, 0x06, 0xe9, 0x06, 0xe9, 0x06, 0xe9, 0x06, 0xe9, 0x06, 0xe9, 0x06,
  0xe9, 0x06, 0xe9, 0x06, 0xe9, 0x26, 0xff, 0xff, 0xce, 0x59, 0x00, 0x00, 0x00, 0x00, 0x9c, 0xf3,
  0xff, 0xff, 0xff, 0xff, 0x10, 0x82, 0x00, 0x00, 0x00, 0x00, 0xff, 0xff, 0xff, 0xff, 0xff, 0xff,
  0xff, 0xff, 0xff, 0xff, 0xde, 0xdb, 0x00, 0x00, 0x00, 0x00, 0x00, 0x00, 0x00, 0x00, 0x00, 0x00,
  0xad, 0x55, 0xff, 0xff, 0xff, 0xff, 0xff, 0xff, 0xff, 0xff, 0xff, 0xff, 0xff, 0xff, 0xff, 0xff,
  0xf7, 0x9e, 0x00, 0x00, 0x00, 0x00, 0x21, 0x04, 0xff, 0xff, 0xff, 0xff, 0x5a, 0xcb, 0x00, 0x00,
  0x00, 0x00, 0xd6, 0xba, 0xff, 0xff, 0xff, 0xff, 0xff, 0xff, 0xff, 0xff, 0xff, 0xff, 0x84, 0xb6,
  0x6c, 0x15, 0xff, 0xff, 0xff, 0xff, 0xff, 0xff, 0xff, 0xff, 0xff, 0xff, 0xff, 0xff, 0xff, 0xff,
  0xde, 0xfb, 0x00, 0x00, 0x00, 0x00, 0x7b, 0xef, 0xff, 0xff, 0xff, 0xff, 0xff, 0xff, 0xff, 0xff,
  0xff, 0xff, 0x00, 0x20, 0x00, 0x00, 0x00, 0x00, 0xff, 0xff, 0xff, 0xff, 0xff, 0xff, 0xff, 0xff,
  0xff, 0xff, 0xff, 0xff, 0xff, 0xff, 0xff, 0xff, 0x63, 0x0c, 0x00, 0x00, 0x00, 0x00, 0x00, 0x00,
  0x00, 0x00, 0x00, 0x00, 0x00, 0x00, 0x00, 0x00, 0x00, 0x00, 0xff, 0xff, 0xff, 0xff, 0xff, 0xff,
  0xff, 0xff, 0xff, 0xff, 0xff, 0xff, 0xff, 0xff, 0xff, 0x5d, 0xe9, 0x06, 0xe9, 0x06, 0xe9, 0x06,
  0xe9, 0x06, 0xe9, 0x06, 0xe9, 0x06, 0xe9, 0x06, 0xe9, 0x06, 0xe9, 0x06, 0xf5, 0x96, 0xff, 0xff,
  0xce, 0x59, 0x00, 0x00, 0x00, 0x00, 0x9c, 0xf3, 0xff, 0xff, 0xff, 0xff, 0x10, 0x82, 0x00, 0x00,
  0x00, 0x00, 0xff, 0xff, 0xff, 0xff, 0xff, 0xff, 0xff, 0xff, 0xff, 0xff, 0xde, 0xdb, 0x00, 0x00,
  0x00, 0x00, 0x00, 0x00, 0x00, 0x00, 0x00, 0x00, 0xad, 0x55, 0xff, 0xff, 0xff, 0xff, 0xff, 0xff,
  0xff, 0xff, 0xff, 0xff, 0xff, 0xff, 0xff, 0xff, 0xf7, 0x9e, 0x00, 0x00, 0x00, 0x00, 0x21, 0x04,
  0xff, 0xff, 0xff, 0xff, 0x5a, 0xcb, 0x00, 0x00, 0x00, 0x00, 0xd6, 0xba, 0xff, 0xff, 0xff, 0xff,
  0xff, 0xff, 0xff, 0xff, 0xff, 0xff, 0x84, 0xb6, 0x6c, 0x15, 0xff, 0xff, 0xff, 0xff, 0xff, 0xff,
  0xff, 0xff, 0xff, 0xff, 0xff, 0xff, 0xff, 0xff, 0xde, 0xfb, 0x00, 0x00, 0x00, 0x00, 0x7b, 0xef,
  0xff, 0xff, 0xff, 0xff, 0xff, 0xff, 0xff, 0xff, 0xff, 0xff, 0x00, 0x20, 0x00, 0x00, 0x00, 0x00,
  0xff, 0xff, 0xff, 0xff, 0xff, 0xff, 0xff, 0xff, 0xff, 0xff, 0xff, 0xff, 0xff, 0xff, 0xff, 0xff,
  0x63, 0x0c, 0x00, 0x00, 0x00, 0x00, 0x00, 0x00, 0x00, 0x00, 0x00, 0x00, 0x00, 0x00, 0x00, 0x00,
  0x00, 0x00, 0xff, 0xff, 0xff, 0xff, 0xff, 0xff, 0xff, 0xff, 0xff, 0xff, 0xff, 0xff, 0xff, 0xff,
  0xff, 0xff, 0xeb, 0x6e, 0xe9, 0x06, 0xe9, 0x06, 0xe9, 0x06, 0xe9, 0x06, 0xe9, 0x06, 0xe9, 0x06,
  0xe9, 0x06, 0xe9, 0xa8, 0xff, 0xff, 0xff, 0xff, 0xce, 0x59, 0x00, 0x00, 0x00, 0x00, 0x9c, 0xf3,
  0xff, 0xff, 0xff, 0xff, 0x10, 0xa2, 0x00, 0x00, 0x00, 0x00, 0xff, 0xff, 0xff, 0xff, 0xff, 0xff,
  0xff, 0xff, 0xff, 0xff, 0xde, 0xdb, 0x00, 0x00, 0x00, 0x00, 0x00, 0x00, 0x00, 0x00, 0x00, 0x00,
  0xad, 0x55, 0xff, 0xff, 0xff, 0xff, 0xff, 0xff, 0xff, 0xff, 0xff, 0xff, 0xff, 0xff, 0xff, 0xff,
  0xf7, 0x9e, 0x00, 0x00, 0x00, 0x00, 0x21, 0x04, 0xff, 0xff, 0xff, 0xff, 0x5a, 0xcb, 0x00, 0x00,
  0x00, 0x00, 0xd6, 0xba, 0xff, 0xff, 0xff, 0xff, 0xff, 0xff, 0xff, 0xff, 0xff, 0xff, 0x84, 0xb6,
  0x6c, 0x15, 0xff, 0xff, 0xff, 0xff, 0x00, 0x00, 0x00, 0x00, 0x08, 0x41, 0xff, 0xff, 0xff, 0xff,
  0xde, 0xfb, 0x00, 0x00, 0x00, 0x00, 0x7b, 0xef, 0xff, 0xff, 0xff, 0xff, 0x08, 0x41, 0x00, 0x00,
  0x00, 0x00, 0xff, 0xdf, 0xff, 0xff, 0xff, 0xff, 0x00, 0x00, 0x00, 0x00, 0x18, 0xe3, 0xff, 0xff,
  0xff, 0xff, 0xff, 0xff, 0xff, 0xff, 0xff, 0xff, 0x63, 0x0c, 0x00, 0x00, 0x00, 0x00, 0x00, 0x00,
  0x00, 0x00, 0x00, 0x00, 0xff, 0xdf, 0xff, 0xff, 0xff, 0xff, 0xff, 0xff, 0xff, 0xff, 0xe7, 0x3c,
  0x00, 0x00, 0x00, 0x00, 0x94, 0xb2, 0xff, 0xff, 0xff, 0xff, 0xff, 0xdf, 0xe9, 0x26, 0xe9, 0x06,
  0xe9, 0x06, 0xe9, 0x06, 0xe9, 0x06, 0xe9, 0x06, 0xe9, 0x06, 0xff, 0x5d, 0x18, 0xc3, 0x00, 0x00,
  0x00, 0x00, 0x00, 0x00, 0x00, 0x00, 0x9c, 0xf3, 0xff, 0xff, 0xff, 0xff, 0xff, 0xff, 0xff, 0xff,
  0xff, 0xff, 0xff, 0xff, 0xff, 0xff, 0xf7, 0xbe, 0x00, 0x00, 0x00, 0x00, 0x21, 0x24, 0xff, 0xff,
  0xff, 0xff, 0xff, 0xff, 0xff, 0xff, 0xff, 0xff, 0x52, 0xaa, 0x00, 0x00, 0x00, 0x00, 0xf7, 0x9e,
  0xff, 0xff, 0xff, 0xff, 0x00, 0x00, 0x00, 0x00, 0x08, 0x41, 0xff, 0xff, 0xff, 0xff, 0xff, 0xff,
  0xff, 0xff, 0xff, 0xff, 0xff, 0xff, 0xff, 0xff, 0xff, 0xff, 0x29, 0x45, 0x00, 0x00, 0x00, 0x00,
  0xff, 0xdf, 0xff, 0xff, 0xff, 0xff, 0x84, 0xb6, 0x6c, 0x15, 0xff, 0xff, 0xff, 0xff, 0x00, 0x00,
  0x00, 0x00, 0x08, 0x41, 0xff, 0xff, 0xff, 0xff, 0xde, 0xfb, 0x00, 0x00, 0x00, 0x00, 0x7b, 0xef,
  0xff, 0xff, 0xff, 0xff, 0x08, 0x41, 0x00, 0x00, 0x00, 0x00, 0xff, 0xdf, 0xff, 0xff, 0xff, 0xff,
  0x00, 0x00, 0x00, 0x00, 0x18, 0xe3, 0xff, 0xff, 0xff, 0xff, 0xff, 0xff, 0xff, 0xff, 0xff, 0xff,
  0x63, 0x0c, 0x00, 0x00, 0x00, 0x00, 0x00, 0x00, 0x00, 0x00, 0x00, 0x00, 0xff, 0xdf, 0xff, 0xff,
  0xff, 0xff, 0xff, 0xff, 0xff, 0xff, 0xe7, 0x3c, 0x00, 0x00, 0x00, 0x00, 0x94, 0xb2, 0xff, 0xff,
  0xff, 0xff, 0xff, 0xff, 0xf5, 0x14, 0xe9, 0x06, 0xe9, 0x06, 0xe9, 0x06, 0xe9, 0x06, 0xe9, 0x06,
  0xeb, 0x4e, 0xf7, 0xbe, 0x00, 0x00, 0x00, 0x00, 0x00, 0x00, 0x00, 0x00, 0x00, 0x00, 0x9c, 0xf3,
  0xff, 0xff, 0xff, 0xff, 0xff, 0xff, 0xff, 0xff, 0xff, 0xff, 0xff, 0xff, 0xff, 0xff, 0xf7, 0xbe,
  0x00, 0x00, 0x00, 0x00, 0x21, 0x24, 0xff, 0xff, 0xff, 0xff, 0xff, 0xff, 0xff, 0xff, 0xff, 0xff,
  0x52, 0xaa, 0x00, 0x00, 0x00, 0x00, 0xf7, 0x9e, 0xff, 0xff, 0xff, 0xff, 0x00, 0x00, 0x00, 0x00,
  0x08, 0x41, 0xff, 0xff, 0xff, 0xff, 0xff, 0xff, 0xff, 0xff, 0xff, 0xff, 0xff, 0xff, 0xff, 0xff,
  0xff, 0xff, 0x29, 0x45, 0x00, 0x00, 0x00, 0x00, 0xff, 0xdf, 0xff, 0xff, 0xff, 0xff, 0x84, 0xb6,
  0x6c, 0x15, 0xff, 0xff, 0xff, 0xff, 0x00, 0x00, 0x00, 0x00, 0x08, 0x61, 0xff, 0xff, 0xff, 0xff,
  0xde, 0xfb, 0x00, 0x00, 0x00, 0x00, 0x7b, 0xef, 0xff, 0xff, 0xff, 0xff, 0x08, 0x41, 0x00, 0x00,
  0x00, 0x00, 0xff, 0xdf, 0xff, 0xff, 0xff, 0xff, 0x00, 0x00, 0x00, 0x00, 0x21, 0x04, 0xff, 0xff,
  0xff, 0xff, 0xff, 0xff, 0xff, 0xff, 0xff, 0xff, 0x5a, 0xeb, 0x00, 0x00, 0x00, 0x00, 0x00, 0x00,
  0x00, 0x00, 0x00, 0x00, 0xf7, 0xbe, 0xff, 0xff, 0xff, 0xff, 0xff, 0xff, 0xff, 0xff, 0xe7, 0x3c,
  0x00, 0x00, 0x00, 0x00, 0x9c, 0xd3, 0xff, 0xff, 0xff, 0xff, 0xff, 0xff, 0xff, 0xff, 0xe9, 0x87,
  0xe9, 0x06, 0xe9, 0x06, 0xe9, 0x06, 0xe9, 0x46, 0xff, 0xff, 0xf7, 0xbe, 0x00, 0x00, 0x00, 0x00,
  0x00, 0x00, 0x00, 0x00, 0x00, 0x00, 0x9c, 0xf3, 0xff, 0xff, 0xff, 0xff, 0xff, 0xff, 0xff, 0xff,
  0xff, 0xff, 0xff, 0xff, 0xff, 0xff, 0xf7, 0xbe, 0x00, 0x00, 0x00, 0x00, 0x21, 0x24, 0xff, 0xff,
  0xff, 0xff, 0xff, 0xff, 0xff, 0xff, 0xff, 0xff, 0x52, 0xaa, 0x00, 0x00, 0x00, 0x00, 0xf7, 0x9e,
  0xff, 0xff, 0xff, 0xff, 0x00, 0x00, 0x00, 0x00, 0x08, 0x61, 0xff, 0xff, 0xff, 0xff, 0xff, 0xff,
  0xff, 0xff, 0xff, 0xff, 0xff, 0xff, 0xff, 0xff, 0xff, 0xff, 0x29, 0x45, 0x00, 0x00, 0x00, 0x00,
  0xff, 0xdf, 0xff, 0xff, 0xff, 0xff, 0x84, 0xb6, 0x6c, 0x15, 0xff, 0xff, 0xff, 0xff, 0xff, 0xff,
  0xff, 0xff, 0xf7, 0x9e, 0x00, 0x00, 0x00, 0x00, 0x00, 0x00, 0x00, 0x00, 0x00, 0x00, 0x00, 0x00,
  0x00, 0x00, 0x00, 0x00, 0x00, 0x00, 0x00, 0x00, 0x00, 0x00, 0xff, 0xdf, 0xff, 0xff, 0xff, 0xff,
  0xff, 0xff, 0xff, 0xff, 0xff, 0xff, 0xff, 0xff, 0xff, 0xff, 0x8c, 0x51, 0x00, 0x00, 0x00, 0x00,
  0x00, 0x00, 0x00, 0x00, 0x00, 0x00, 0xf7, 0x9e, 0xff, 0xff, 0xff, 0xff, 0x00, 0x20, 0x00, 0x00,
  0x00, 0x00, 0xff, 0xff, 0xff, 0xff, 0xff, 0xff, 0xff, 0xff, 0xff, 0xff, 0xff, 0xff, 0xff, 0xff,
  0xff, 0xff, 0x29, 0x65, 0x4a, 0x69, 0xff, 0xdf, 0xea, 0xed, 0xe9, 0x87, 0xea, 0x09, 0xff, 0x5d,
  0xff, 0xff, 0xff, 0xff, 0xff, 0xff, 0xff, 0xff, 0xce, 0x59, 0x00, 0x00, 0x00, 0x00, 0x9c, 0xf3,
  0xff, 0xff, 0xff, 0xff, 0x10, 0x82, 0x00, 0x00, 0x00, 0x00, 0xff, 0xff, 0xff, 0xff, 0xf7, 0xbe,
  0x00, 0x00, 0x00, 0x00, 0x00, 0x00, 0x00, 0x00, 0x00, 0x00, 0x00, 0x00, 0x00, 0x00, 0x00, 0x00,
  0xad, 0x55, 0xff, 0xff, 0xff, 0xff, 0x08, 0x61, 0x00, 0x00, 0x00, 0x00, 0xff, 0xff, 0xff, 0xff,
  0xf7, 0x9e, 0x00, 0x00, 0x00, 0x00, 0x21, 0x04, 0xff, 0xff, 0xff, 0xff, 0x5a, 0xcb, 0x00, 0x00,
  0x00, 0x00, 0xd6, 0xba, 0xff, 0xff, 0xff, 0xff, 0xff, 0xff, 0xff, 0xff, 0xff, 0xff, 0x84, 0xb6,
  0x6c, 0x15, 0xff, 0xff, 0xff, 0xff, 0xff, 0xff, 0xff, 0xff, 0xf7, 0x9e, 0x00, 0x00, 0x00, 0x00,
  0x00, 0x00, 0x00, 0x00, 0x00, 0x00, 0x00, 0x00, 0x00, 0x00, 0x00, 0x00, 0x00, 0x00, 0x00, 0x00,
  0x00, 0x00, 0xff, 0xdf, 0xff, 0xff, 0xff, 0xff, 0xff, 0xff, 0xff, 0xff, 0xff, 0xff, 0xff, 0xff,
  0xff, 0xff, 0x8c, 0x51, 0x00, 0x00, 0x00, 0x00, 0x00, 0x00, 0x00, 0x00, 0x00, 0x00, 0xf7, 0x9e,
  0xff, 0xff, 0xff, 0xff, 0x00, 0x20, 0x00, 0x00, 0x00, 0x00, 0xff, 0xff, 0xff, 0xff, 0xff, 0xff,
  0xff, 0xff, 0xff, 0xff, 0xff, 0xff, 0xff, 0xff, 0xff, 0xff, 0x29, 0x65, 0x00, 0x00, 0x18, 0xc3,
  0xd6, 0x9a, 0xe7, 0x3c, 0xde, 0xdb, 0xff, 0xff, 0xff, 0xff, 0xff, 0xff, 0xff, 0xff, 0xff, 0xff,
  0xce, 0x59, 0x00, 0x00, 0x00, 0x00, 0x9c, 0xf3, 0xff, 0xff, 0xff, 0xff, 0x10, 0x82, 0x00, 0x00,
  0x00, 0x00, 0xff, 0xff, 0xff, 0xff, 0xf7, 0xbe, 0x00, 0x00, 0x00, 0x00, 0x00, 0x00, 0x00, 0x00,
  0x00, 0x00, 0x00, 0x00, 0x00, 0x00, 0x00, 0x00, 0xad, 0x55, 0xff, 0xff, 0xff, 0xff, 0x08, 0x61,
  0x00, 0x00, 0x00, 0x00, 0xff, 0xff, 0xff, 0xff, 0xf7, 0x9e, 0x00, 0x00, 0x00, 0x00, 0x21, 0x04,
  0xff, 0xff, 0xff, 0xff, 0x5a, 0xcb, 0x00, 0x00, 0x00, 0x00, 0xd6, 0xba, 0xff, 0xff, 0xff, 0xff,
  0xff, 0xff, 0xff, 0xff, 0xff, 0xff, 0x84, 0xb6, 0x6c, 0x15, 0xff, 0xff, 0xff, 0xff, 0xff, 0xff,
  0xff, 0xff, 0xf7, 0xbe, 0x29, 0x45, 0x29, 0x45, 0x29, 0x45, 0x29, 0x45, 0x29, 0x45, 0x10, 0xa2,
  0x00, 0x00, 0x00, 0x00, 0x29, 0x45, 0x29, 0x45, 0x29, 0x45, 0xce, 0x79, 0xd6, 0x9a, 0xd6, 0x9a,
  0xd6, 0x9a, 0xd6, 0x9a, 0xde, 0xdb, 0xff, 0xff, 0xff, 0xff, 0x8c, 0x51, 0x00, 0x00, 0x00, 0x00,
  0x00, 0x00, 0x00, 0x00, 0x00, 0x00, 0xf7, 0x9e, 0xff, 0xff, 0xff, 0xff, 0x29, 0x65, 0x29, 0x45,
  0x29, 0x45, 0xd6, 0x9a, 0xd6, 0x9a, 0xde, 0xdb, 0xff, 0xff, 0xff, 0xff, 0xff, 0xff, 0xff, 0xff,
  0xff, 0xff, 0x4a, 0x69, 0x29, 0x45, 0x29, 0x45, 0x29, 0x45, 0x29, 0x45, 0x29, 0x45, 0xff, 0xff,
  0xff, 0xff, 0xff, 0xff, 0xff, 0xff, 0xff, 0xff, 0xd6, 0xba, 0x29, 0x45, 0x29, 0x45, 0xad, 0x75,
  0xff, 0xff, 0xff, 0xff, 0x39, 0xc7, 0x29, 0x45, 0x29, 0x45, 0xd6, 0x9a, 0xd6, 0x9a, 0xce, 0x79,
  0x29, 0x45, 0x29, 0x45, 0x21, 0x24, 0x00, 0x00, 0x00, 0x00, 0x10, 0x82, 0x29, 0x45, 0x29, 0x45,
  0x9c, 0xd3, 0xd6, 0x9a, 0xd6, 0x9a, 0x31, 0x86, 0x29, 0x45, 0x29, 0x45, 0xd6, 0x9a, 0xd6, 0x9a,
  0xce, 0x79, 0x29, 0x45, 0x29, 0x45, 0x39, 0xe7, 0xd6, 0x9a, 0xd6, 0x9a, 0x63, 0x2c, 0x29, 0x45,
  0x29, 0x45, 0xb5, 0xb6, 0xd6, 0x9a, 0xd6, 0x9a, 0xff, 0xff, 0xff, 0xff, 0xff, 0xff, 0x84, 0xb6,
  0x6c, 0x15, 0xff, 0xff, 0xff, 0xff, 0xff, 0xff, 0xff, 0xff, 0xff, 0xff, 0xff, 0xff, 0xff, 0xff,
  0xff, 0xff, 0xff, 0xff, 0xff, 0xff, 0x7b, 0xef, 0x00, 0x00, 0x00, 0x00, 0xf7, 0xbe, 0xff, 0xff,
  0xff, 0xff, 0x00, 0x20, 0x00, 0x00, 0x00, 0x00, 0x00, 0x00, 0x00, 0x00, 0x18, 0xe3, 0xff, 0xff,
  0xff, 0xff, 0x8c, 0x51, 0x00, 0x00, 0x00, 0x00, 0x00, 0x00, 0x00, 0x00, 0x00, 0x00, 0xf7, 0x9e,
  0xff, 0xff, 0xff, 0xff, 0xff, 0xff, 0xff, 0xff, 0xff, 0xff, 0x00, 0x00, 0x00, 0x00, 0x18, 0xc3,
  0xff, 0xff, 0xff, 0xff, 0xff, 0xff, 0xff, 0xff, 0xff, 0xff, 0xff, 0xff, 0xff, 0xff, 0xff, 0xff,
  0xff, 0xff, 0xff, 0xff, 0xff, 0xff, 0xff, 0xff, 0xff, 0xff, 0xff, 0xff, 0xff, 0xff, 0xff, 0xff,
  0xff, 0xff, 0xff, 0xff, 0xff, 0xff, 0xff, 0xff, 0xff, 0xff, 0xff, 0xff, 0xff, 0xff, 0xff, 0xff,
  0xff, 0xff, 0x00, 0x00, 0x00, 0x00, 0x00, 0x20, 0xff, 0xff, 0xff, 0xff, 0xde, 0xdb, 0x00, 0x00,
  0x00, 0x00, 0x6b, 0x6d, 0xff, 0xff, 0xff, 0xff, 0x52, 0xaa, 0x00, 0x00, 0x00, 0x00, 0xf7, 0x9e,
  0xff, 0xff, 0xff, 0xff, 0x00, 0x00, 0x00, 0x00, 0x08, 0x41, 0xff, 0xff, 0xff, 0xff, 0xde, 0xfb,
  0x00, 0x00, 0x00, 0x00, 0xa5, 0x34, 0xff, 0xff, 0xff, 0xff, 0x29, 0x45, 0x00, 0x00, 0x00, 0x00,
  0xff, 0xdf, 0xff, 0xff, 0xff, 0xff, 0x84, 0xb6, 0x6c, 0x15, 0xff, 0xff, 0xff, 0xff, 0xff, 0xff,
  0xff, 0xff, 0xff, 0xff, 0xff, 0xff, 0xff, 0xff, 0xff, 0xff, 0xff, 0xff, 0xff, 0xff, 0x7b, 0xef,
  0x00, 0x00, 0x00, 0x00, 0xf7, 0xbe, 0xff, 0xff, 0xff, 0xff, 0x00, 0x20, 0x00, 0x00, 0x00, 0x00,
  0x00, 0x00, 0x00, 0x00, 0x18, 0xe3, 0xff, 0xff, 0xff, 0xff, 0x8c, 0x51, 0x00, 0x00, 0x00, 0x00,
  0x00, 0x00, 0x00, 0x00, 0x00, 0x00, 0xf7, 0x9e, 0xff, 0xff, 0xff, 0xff, 0xff, 0xff, 0xff, 0xff,
  0xff, 0xff, 0x00, 0x00, 0x00, 0x00, 0x18, 0xc3, 0xff, 0xff, 0xff, 0xff, 0xff, 0xff, 0xff, 0xff,
  0xff, 0xff, 0xff, 0xff, 0xff, 0xff, 0xff, 0xff, 0xff, 0xff, 0xff, 0xff, 0xff, 0xff, 0xff, 0xff,
  0xff, 0xff, 0xff, 0xff, 0xff, 0xff, 0xff, 0xff, 0xff, 0xff, 0xff, 0xff, 0xff, 0xff, 0xff, 0xff,
  0xff, 0xff, 0xff, 0xff, 0xff, 0xff, 0xff, 0xff, 0xff, 0xff, 0x00, 0x00, 0x00, 0x00, 0x00, 0x20,
  0xff, 0xff, 0xff, 0xff, 0xde, 0xdb, 0x00, 0x00, 0x00, 0x00, 0x6b, 0x6d, 0xff, 0xff, 0xff, 0xff,
  0x52, 0xaa, 0x00, 0x00, 0x00, 0x00, 0xf7, 0x9e, 0xff, 0xff, 0xff, 0xff, 0x00, 0x00, 0x00, 0x00,
  0x08, 0x41, 0xff, 0xff, 0xff, 0xff, 0xde, 0xfb, 0x00, 0x00, 0x00, 0x00, 0xa5, 0x34, 0xff, 0xff,
  0xff, 0xff, 0x29, 0x45, 0x00, 0x00, 0x00, 0x00, 0xff, 0xdf, 0xff, 0xff, 0xff, 0xff, 0x84, 0xb6,
  0x6c, 0x15, 0xff, 0xff, 0xff, 0xff, 0xff, 0xff, 0xff, 0xff, 0xff, 0xff, 0xff, 0xff, 0xff, 0xff,
  0xff, 0xff, 0xff, 0xff, 0xff, 0xff, 0x7b, 0xef, 0x00, 0x00, 0x00, 0x00, 0xf7, 0xbe, 0xff, 0xff,
  0xff, 0xff, 0x00, 0x20, 0x00, 0x00, 0x00, 0x00, 0x4a, 0x49, 0x4a, 0x49, 0x52, 0xaa, 0xb5, 0x96,
  0xb5, 0x96, 0x84, 0x10, 0x4a, 0x49, 0x4a, 0x49, 0x18, 0xc3, 0x00, 0x00, 0x00, 0x00, 0xf7, 0x9e,
  0xff, 0xff, 0xff, 0xff, 0xb5, 0xb6, 0xb5, 0x96, 0xb5, 0x96, 0x00, 0x00, 0x00, 0x00, 0x08, 0x61,
  0xb5, 0x96, 0xb5, 0x96, 0xde, 0xfb, 0xff, 0xff, 0xff, 0xff, 0xff, 0xff, 0xff, 0xff, 0xff, 0xff,
  0xff, 0xff, 0xff, 0xff, 0xff, 0xff, 0xb5, 0x96, 0xb5, 0x96, 0xb5, 0xb6, 0xff, 0xff, 0xff, 0xff,
  0xff, 0xff, 0xff, 0xff, 0xff, 0xff, 0xd6, 0x9a, 0xb5, 0x96, 0xb5, 0x96, 0xb5, 0x96, 0xb5, 0x96,
  0xb5, 0x96, 0x00, 0x00, 0x00, 0x00, 0x00, 0x20, 0xb5, 0x96, 0xb5, 0x96, 0xa5, 0x34, 0x4a, 0x49,
  0x4a, 0x49, 0x7b, 0xcf, 0xb5, 0x96, 0xb5, 0x96, 0x6b, 0x6d, 0x4a, 0x49, 0x4a, 0x49, 0xb5, 0x96,
  0xb5, 0x96, 0xb5, 0x96, 0x4a, 0x49, 0x4a, 0x49, 0x52, 0x8a, 0xff, 0xff, 0xff, 0xff, 0xef, 0x5d,
  0x4a, 0x49, 0x4a, 0x49, 0x94, 0x92, 0xb5, 0x96, 0xb5, 0x96, 0x5a, 0xeb, 0x4a, 0x49, 0x4a, 0x49,
  0xff, 0xdf, 0xff, 0xff, 0xff, 0xff, 0x84, 0xb6, 0x6c, 0x15, 0xff, 0xff, 0xff, 0xff, 0xff, 0xff,
  0xff, 0xff, 0xff, 0xff, 0xff, 0xff, 0xff, 0xff, 0xff, 0xff, 0xff, 0xff, 0xff, 0xff, 0x7b, 0xef,
  0x00, 0x00, 0x00, 0x00, 0xf7, 0xbe, 0xff, 0xff, 0xff, 0xff, 0x00, 0x20, 0x00, 0x00, 0x00, 0x00,
  0xff, 0xff, 0xff, 0xff, 0xe7, 0x1c, 0x00, 0x00, 0x00, 0x00, 0x73, 0xae, 0xff, 0xff, 0xff, 0xff,
  0x63, 0x0c, 0x00, 0x00, 0x00, 0x00, 0xf7, 0x9e, 0xff, 0xff, 0xff, 0xff, 0x00, 0x20, 0x00, 0x00,
  0x00, 0x00, 0x00, 0x00, 0x00, 0x00, 0x00, 0x00, 0x00, 0x00, 0x00, 0x00, 0x94, 0xb2, 0xff, 0xff,
  0xff, 0xff, 0xff, 0xff, 0xff, 0xff, 0xff, 0xff, 0xff, 0xff, 0xff, 0xff, 0xff, 0xff, 0x00, 0x00,
  0x00, 0x00, 0x08, 0x41, 0xff, 0xff, 0xff, 0xff, 0xff, 0xff, 0xff, 0xff, 0xff, 0xff, 0x63, 0x0c,
  0x00, 0x00, 0x00, 0x00, 0x00, 0x00, 0x00, 0x00, 0x00, 0x00, 0x00, 0x00, 0x00, 0x00, 0x00, 0x00,
  0x00, 0x00, 0x00, 0x00, 0x21, 0x24, 0xff, 0xff, 0xff, 0xff, 0x8c, 0x71, 0x00, 0x00, 0x00, 0x00,
  0xad, 0x55, 0xff, 0xff, 0xff, 0xff, 0x08, 0x61, 0x00, 0x00, 0x00, 0x00, 0xff, 0xff, 0xff, 0xff,
  0xff, 0xff, 0xff, 0xff, 0xff, 0xff, 0xff, 0xff, 0xff, 0xff, 0xff, 0xff, 0x5a, 0xcb, 0x00, 0x00,
  0x00, 0x00, 0xd6, 0xba, 0xff, 0xff, 0xff, 0xff, 0xff, 0xff, 0xff, 0xff, 0xff, 0xff, 0x84, 0xb6,
  0x6c, 0x15, 0xff, 0xff, 0xff, 0xff, 0xff, 0xff, 0xff, 0xff, 0xff, 0xff, 0xff, 0xff, 0xff, 0xff,
  0xff, 0xff, 0xff, 0xff, 0xff, 0xff, 0x7b, 0xef, 0x00, 0x00, 0x00, 0x00, 0xf7, 0xbe, 0xff, 0xff,
  0xff, 0xff, 0x00, 0x20, 0x00, 0x00, 0x00, 0x00, 0xff, 0xff, 0xff, 0xff, 0xe7, 0x1c, 0x00, 0x00,
  0x00, 0x00, 0x73, 0xae, 0xff, 0xff, 0xff, 0xff, 0x63, 0x0c, 0x00, 0x00, 0x00, 0x00, 0xf7, 0x9e,
  0xff, 0xff, 0xff, 0xff, 0x00, 0x20, 0x00, 0x00, 0x00, 0x00, 0x00, 0x00, 0x00, 0x00, 0x00, 0x00,
  0x00, 0x00, 0x00, 0x00, 0x94, 0xb2, 0xff, 0xff, 0xff, 0xff, 0xff, 0xff, 0xff, 0xff, 0xff, 0xff,
  0xff, 0xff, 0xff, 0xff, 0xff, 0xff, 0x00, 0x00, 0x00, 0x00, 0x08, 0x41, 0xff, 0xff, 0xff, 0xff,
  0xff, 0xff, 0xff, 0xff, 0xff, 0xff, 0x63, 0x0c, 0x00, 0x00, 0x00, 0x00, 0x00, 0x00, 0x00, 0x00,
  0x00, 0x00, 0x00, 0x00, 0x00, 0x00, 0x00, 0x00, 0x00, 0x00, 0x00, 0x00, 0x21, 0x24, 0xff, 0xff,
  0xff, 0xff, 0x8c, 0x71, 0x00, 0x00, 0x00, 0x00, 0xad, 0x55, 0xff, 0xff, 0xff, 0xff, 0x08, 0x61,
  0x00, 0x00, 0x00, 0x00, 0xff, 0xff, 0xff, 0xff, 0xff, 0xff, 0xff, 0xff, 0xff, 0xff, 0xff, 0xff,
  0xff, 0xff, 0xff, 0xff, 0x5a, 0xcb, 0x00, 0x00, 0x00, 0x00, 0xd6, 0xba, 0xff, 0xff, 0xff, 0xff,
  0xff, 0xff, 0xff, 0xff, 0xff, 0xff, 0x84, 0xb6, 0x6c, 0x15, 0xff, 0xff, 0xff, 0xff, 0x42, 0x08,
  0x42, 0x08, 0x4a, 0x49, 0xff, 0xff, 0xff, 0xff, 0xe7, 0x3c, 0x42, 0x08, 0x42, 0x08, 0x21, 0x04,
  0x00, 0x00, 0x00, 0x00, 0xf7, 0xbe, 0xff, 0xff, 0xff, 0xff, 0x00, 0x20, 0x00, 0x00, 0x00, 0x00,
  0x42, 0x08, 0x42, 0x08, 0x52, 0x8a, 0xbd, 0xd7, 0xbd, 0xf7, 0x84, 0x10, 0x42, 0x08, 0x42, 0x08,
  0x8c, 0x71, 0xbd, 0xd7, 0xbd, 0xd7, 0xff, 0xdf, 0xff, 0xff, 0xff, 0xff, 0x00, 0x20, 0x00, 0x00,
  0x00, 0x00, 0x00, 0x00, 0x00, 0x00, 0x08, 0x61, 0xbd, 0xf7, 0xbd, 0xd7, 0x73, 0x8e, 0x42, 0x08,
  0x42, 0x08, 0x42, 0x08, 0x42, 0x08, 0x42, 0x08, 0x42, 0x08, 0x42, 0x08, 0x42, 0x08, 0x00, 0x00,
  0x00, 0x00, 0x08, 0x41, 0xff, 0xff, 0xff, 0xff, 0xde, 0xdb, 0x42, 0x08, 0x42, 0x08, 0x18, 0xc3,
  0x00, 0x00, 0x00, 0x00, 0x00, 0x00, 0x00, 0x00, 0x00, 0x00, 0xbd, 0xd7, 0xbd, 0xd7, 0xb5, 0xb6,
  0x00, 0x00, 0x00, 0x00, 0x08, 0x41, 0x42, 0x08, 0x42, 0x08, 0x73, 0xae, 0xbd, 0xd7, 0xbd, 0xd7,
  0x6b, 0x6d, 0x42, 0x08, 0x42, 0x08, 0xb5, 0xb6, 0xbd, 0xf7, 0xbd, 0xd7, 0x42, 0x08, 0x42, 0x08,
  0x42, 0x08, 0x42, 0x08, 0x42, 0x08, 0x42, 0x08, 0x42, 0x08, 0x42, 0x08, 0x94, 0x92, 0xbd, 0xd7,
  0xbd, 0xf7, 0x52, 0xaa, 0x42, 0x08, 0x42, 0x08, 0xff, 0xdf, 0xff, 0xff, 0xff, 0xff, 0x84, 0xb6,
  0x6c, 0x15, 0xff, 0xff, 0xff, 0xff, 0x00, 0x00, 0x00, 0x00, 0x08, 0x41, 0xff, 0xff, 0xff, 0xff,
  0xde, 0xfb, 0x00, 0x00, 0x00, 0x00, 0x00, 0x00, 0x00, 0x00, 0x00, 0x00, 0xf7, 0xbe, 0xff, 0xff,
  0xff, 0xff, 0x00, 0x20, 0x00, 0x00, 0x00, 0x00, 0x00, 0x00, 0x00, 0x00, 0x18, 0xe3, 0xff, 0xff,
  0xff, 0xff, 0x8c, 0x51, 0x00, 0x00, 0x00, 0x00, 0x9c, 0xf3, 0xff, 0xff, 0xff, 0xff, 0xff, 0xff,
  0xff, 0xff, 0xff, 0xff, 0x00, 0x20, 0x00, 0x00, 0x00, 0x00, 0x00, 0x00, 0x00, 0x00, 0x18, 0xc3,
  0xff, 0xff, 0xff, 0xff, 0x63, 0x2c, 0x00, 0x00, 0x00, 0x00, 0x00, 0x00, 0x00, 0x00, 0x00, 0x00,
  0x00, 0x00, 0x00, 0x00, 0x00, 0x00, 0x00, 0x00, 0x00, 0x00, 0x08, 0x41, 0xff, 0xff, 0xff, 0xff,
  0xce, 0x59, 0x00, 0x00, 0x00, 0x00, 0x00, 0x00, 0x00, 0x00, 0x00, 0x00, 0x00, 0x00, 0x00, 0x00,
  0x00, 0x00, 0xff, 0xff, 0xff, 0xff, 0xf7, 0xbe, 0x00, 0x00, 0x00, 0x00, 0x00, 0x00, 0x00, 0x00,
  0x00, 0x00, 0x6b, 0x6d, 0xff, 0xff, 0xff, 0xff, 0x52, 0xaa, 0x00, 0x00, 0x00, 0x00, 0xf7, 0x9e,
  0xff, 0xff, 0xff, 0xff, 0x00, 0x00, 0x00, 0x00, 0x00, 0x00, 0x00, 0x00, 0x00, 0x00, 0x00, 0x00,
  0x00, 0x00, 0x00, 0x00, 0xa5, 0x34, 0xff, 0xff, 0xff, 0xff, 0x29, 0x45, 0x00, 0x00, 0x00, 0x00,
  0xff, 0xdf, 0xff, 0xff, 0xff, 0xff, 0x84, 0xb6, 0x6c, 0x15, 0xff, 0xff, 0xff, 0xff, 0x00, 0x00,
  0x00, 0x00, 0x08, 0x41, 0xff, 0xff, 0xff, 0xff, 0xde, 0xfb, 0x00, 0x00, 0x00, 0x00, 0x00, 0x00,
  0x00, 0x00, 0x00, 0x00, 0xf7, 0xbe, 0xff, 0xff, 0xff, 0xff, 0x00, 0x20, 0x00, 0x00, 0x00, 0x00,
  0x00, 0x00, 0x00, 0x00, 0x18, 0xe3, 0xff, 0xff, 0xff, 0xff, 0x8c, 0x51, 0x00, 0x00, 0x00, 0x00,
  0x9c, 0xf3, 0xff, 0xff, 0xff, 0xff, 0xff, 0xff, 0xff, 0xff, 0xff, 0xff, 0x00, 0x20, 0x00, 0x00,
  0x00, 0x00, 0x00, 0x00, 0x00, 0x00, 0x18, 0xc3, 0xff, 0xff, 0xff, 0xff, 0x63, 0x2c, 0x00, 0x00,
  0x00, 0x00, 0x00, 0x00, 0x00, 0x00, 0x00, 0x00, 0x00, 0x00, 0x00, 0x00, 0x00, 0x00, 0x00, 0x00,
  0x00, 0x00, 0x08, 0x41, 0xff, 0xff, 0xff, 0xff, 0xce, 0x59, 0x00, 0x00, 0x00, 0x00, 0x00, 0x00,
  0x00, 0x00, 0x00, 0x00, 0x00, 0x00, 0x00, 0x00, 0x00, 0x00, 0xff, 0xff, 0xff, 0xff, 0xf7, 0xbe,
  0x00, 0x00, 0x00, 0x00, 0x00, 0x00, 0x00, 0x00, 0x00, 0x00, 0x6b, 0x6d, 0xff, 0xff, 0xff, 0xff,
  0x52, 0xaa, 0x00, 0x00, 0x00, 0x00, 0xf7, 0x9e, 0xff, 0xff, 0xff, 0xff, 0x00, 0x00, 0x00, 0x00,
  0x00, 0x00, 0x00, 0x00, 0x00, 0x00, 0x00, 0x00, 0x00, 0x00, 0x00, 0x00, 0xa5, 0x34, 0xff, 0xff,
  0xff, 0xff, 0x29, 0x45, 0x00, 0x00, 0x00, 0x00, 0xff, 0xdf, 0xff, 0xff, 0xff, 0xff, 0x84, 0xb6,
  0x6c, 0x15, 0xff, 0xff, 0xff, 0xff, 0xff, 0xff, 0xff, 0xff, 0xf7, 0x9e, 0x00, 0x00, 0x00, 0x00,
  0x18, 0xe3, 0xff, 0xff, 0xff, 0xff, 0x7b, 0xef, 0x00, 0x00, 0x00, 0x00, 0x00, 0x00, 0x00, 0x00,
  0x00, 0x00, 0x00, 0x00, 0x00, 0x00, 0x00, 0x00, 0xff, 0xff, 0xff, 0xff, 0xff, 0xff, 0xff, 0xff,
  0xff, 0xff, 0x8c, 0x51, 0x00, 0x00, 0x00, 0x00, 0x00, 0x00, 0x00, 0x00, 0x00, 0x00, 0x00, 0x00,
  0x00, 0x00, 0x00, 0x00, 0xff, 0xdf, 0xff, 0xff, 0xff, 0xff, 0x00, 0x00, 0x00, 0x00, 0x00, 0x00,
  0x00, 0x00, 0x00, 0x00, 0x00, 0x00, 0x00, 0x00, 0x00, 0x00, 0x00, 0x00, 0x00, 0x00, 0x00, 0x00,
  0x00, 0x00, 0x00, 0x00, 0x00, 0x00, 0x00, 0x00, 0x00, 0x00, 0x00, 0x00, 0x00, 0x00, 0x00, 0x00,
  0x00, 0x00, 0x00, 0x00, 0x00, 0x00, 0x00, 0x00, 0x00, 0x00, 0x00, 0x00, 0xef, 0x5d, 0xff, 0xff,
  0xff, 0xff, 0xff, 0xff, 0xff, 0xff, 0xf7, 0xbe, 0x00, 0x00, 0x00, 0x00, 0x21, 0x24, 0xff, 0xff,
  0xff, 0xff, 0x8c, 0x71, 0x00, 0x00, 0x00, 0x00, 0xad, 0x55, 0xff, 0xff, 0xff, 0xff, 0x08, 0x61,
  0x00, 0x00, 0x00, 0x00, 0xff, 0xff, 0xff, 0xff, 0xff, 0xff, 0xff, 0xff, 0xff, 0xff, 0xde, 0xfb,
  0x00, 0x00, 0x00, 0x00, 0x00, 0x00, 0x00, 0x00, 0x00, 0x00, 0xd6, 0xba, 0xff, 0xff, 0xff, 0xff,
  0xff, 0xff, 0xff, 0xff, 0xff, 0xff, 0x84, 0xb6, 0x6c, 0x15, 0xff, 0xff, 0xff, 0xff, 0xff, 0xff,
  0xff, 0xff, 0xf7, 0x9e, 0x00, 0x00, 0x00, 0x00, 0x18, 0xe3, 0xff, 0xff, 0xff, 0xff, 0x7b, 0xef,
  0x00, 0x00, 0x00, 0x00, 0x00, 0x00, 0x00, 0x00, 0x00, 0x00, 0x00, 0x00, 0x00, 0x00, 0x00, 0x00,
  0xff, 0xff, 0xff, 0xff, 0xff, 0xff, 0xff, 0xff, 0xff, 0xff, 0x8c, 0x51, 0x00, 0x00, 0x00, 0x00,
  0x00, 0x00, 0x00, 0x00, 0x00, 0x00, 0x00, 0x00, 0x00, 0x00, 0x00, 0x00, 0xff, 0xdf, 0xff, 0xff,
  0xff, 0xff, 0x00, 0x00, 0x00, 0x00, 0x00, 0x00, 0x00, 0x00, 0x00, 0x00, 0x00, 0x00, 0x00, 0x00,
  0x00, 0x00, 0x00, 0x00, 0x00, 0x00, 0x00, 0x00, 0x00, 0x00, 0x00, 0x00, 0x00, 0x00, 0x00, 0x00,
  0x00, 0x00, 0x00, 0x00, 0x00, 0x00, 0x00, 0x00, 0x00, 0x00, 0x00, 0x00, 0x00, 0x00, 0x00, 0x00,
  0x00, 0x00, 0x00, 0x00, 0xef, 0x5d, 0xff, 0xff, 0xff, 0xff, 0xff, 0xff, 0xff, 0xff, 0xf7, 0xbe,
  0x00, 0x00, 0x00, 0x00, 0x21, 0x24, 0xff, 0xff, 0xff, 0xff, 0x8c, 0x71, 0x00, 0x00, 0x00, 0x00,
  0xad, 0x55, 0xff, 0xff, 0xff, 0xff, 0x08, 0x61, 0x00, 0x00, 0x00, 0x00, 0xff, 0xff, 0xff, 0xff,
  0xff, 0xff, 0xff, 0xff, 0xff, 0xff, 0xde, 0xfb, 0x00, 0x00, 0x00, 0x00, 0x00, 0x00, 0x00, 0x00,
  0x00, 0x00, 0xd6, 0xba, 0xff, 0xff, 0xff, 0xff, 0xff, 0xff, 0xff, 0xff, 0xff, 0xff, 0x84, 0xb6,
  0x6c, 0x15, 0xff, 0xff, 0xff, 0xff, 0xff, 0xff, 0xff, 0xff, 0xf7, 0x9e, 0x00, 0x00, 0x00, 0x00,
  0x21, 0x04, 0xff, 0xff, 0xff, 0xff, 0x7b, 0xef, 0x00, 0x00, 0x00, 0x00, 0x00, 0x00, 0x00, 0x00,
  0x00, 0x00, 0x00, 0x00, 0x00, 0x00, 0x00, 0x00, 0xff, 0xff, 0xff, 0xff, 0xff, 0xff, 0xff, 0xff,
  0xff, 0xff, 0x8c, 0x51, 0x00, 0x00, 0x00, 0x00, 0x00, 0x00, 0x00, 0x00, 0x00, 0x00, 0x00, 0x00,
  0x00, 0x00, 0x00, 0x00, 0xf7, 0xbe, 0xff, 0xff, 0xff, 0xff, 0x00, 0x00, 0x00, 0x00, 0x00, 0x00,
  0x00, 0x00, 0x00, 0x00, 0x00, 0x00, 0x00, 0x00, 0x00, 0x00, 0x00, 0x00, 0x00, 0x00, 0x00, 0x00,
  0x00, 0x00, 0x00, 0x00, 0x00, 0x00, 0x00, 0x00, 0x00, 0x00, 0x00, 0x00, 0x00, 0x00, 0x00, 0x00,
  0x00, 0x00, 0x00, 0x00, 0x00, 0x00, 0x00, 0x00, 0x00, 0x00, 0x00, 0x00, 0xef, 0x5d, 0xff, 0xff,
  0xff, 0xff, 0xff, 0xff, 0xff, 0xff, 0xf7, 0xbe, 0x00, 0x00, 0x00, 0x00, 0x21, 0x24, 0xff, 0xff,
  0xff, 0xff, 0x8c, 0x71, 0x00, 0x00, 0x00, 0x00, 0xa5, 0x34, 0xff, 0xff, 0xff, 0xff, 0x08, 0x61,
  0x00, 0x00, 0x00, 0x00, 0xff, 0xff, 0xff, 0xff, 0xff, 0xff, 0xff, 0xff, 0xff, 0xff, 0xde, 0xfb,
  0x00, 0x00, 0x00, 0x00, 0x00, 0x00, 0x00, 0x00, 0x00, 0x00, 0xd6, 0x9a, 0xff, 0xff, 0xff, 0xff,
  0xff, 0xff, 0xff, 0xff, 0xff, 0xff, 0x84, 0xb6, 0x6c, 0x15, 0xff, 0xff, 0xff, 0xff, 0x00, 0x00,
  0x00, 0x00, 0x08, 0x61, 0xff, 0xff, 0xff, 0xff, 0xff, 0xff, 0xff, 0xff, 0xff, 0xff, 0x7b, 0xef,
  0x00, 0x00, 0x00, 0x00, 0x00, 0x00, 0x00, 0x00, 0x00, 0x00, 0x00, 0x00, 0x00, 0x00, 0x00, 0x00,
  0x00, 0x00, 0x00, 0x00, 0x18, 0xe3, 0xff, 0xff, 0xff, 0xff, 0xff, 0xff, 0xff, 0xff, 0xff, 0xff,
  0xff, 0xff, 0xff, 0xff, 0xff, 0xff, 0xff, 0xff, 0xff, 0xff, 0xff, 0xff, 0x00, 0x20, 0x00, 0x00,
  0x00, 0x00, 0xff, 0xff, 0xff, 0xff, 0xff, 0xff, 0xff, 0xff, 0xff, 0xff, 0x63, 0x2c, 0x00, 0x00,
  0x00, 0x00, 0xd6, 0x9a, 0xff, 0xff, 0xff, 0xff, 0x00, 0x20, 0x00, 0x00, 0x00, 0x00, 0x00, 0x00,
  0x00, 0x00, 0x00, 0x00, 0x00, 0x00, 0x00, 0x00, 0x00, 0x00, 0x00, 0x00, 0x00, 0x00, 0x00, 0x00,
  0x00, 0x00, 0x00, 0x00, 0xef, 0x5d, 0xff, 0xff, 0xff, 0xff, 0x00, 0x00, 0x00, 0x00, 0x08, 0x41,
  0xff, 0xff, 0xff, 0xff, 0xde, 0xdb, 0x00, 0x00, 0x00, 0x00, 0x00, 0x00, 0x00, 0x00, 0x00, 0x00,
  0x00, 0x00, 0x00, 0x00, 0x00, 0x00, 0x00, 0x00, 0x00, 0x00, 0x00, 0x00, 0x00, 0x00, 0x00, 0x00,
  0x08, 0x61, 0xff, 0xff, 0xff, 0xff, 0xde, 0xfb, 0x00, 0x00, 0x00, 0x00, 0xa5, 0x14, 0xff, 0xff,
  0xff, 0xff, 0x29, 0x45, 0x00, 0x00, 0x00, 0x00, 0xff, 0xdf, 0xff, 0xff, 0xff, 0xff, 0x84, 0xb6,
  0x6c, 0x15, 0xff, 0xff, 0xff, 0xff, 0x00, 0x00, 0x00, 0x00, 0x08, 0x41, 0xff, 0xff, 0xff, 0xff,
  0xff, 0xff, 0xff, 0xff, 0xff, 0xff, 0x7b, 0xef, 0x00, 0x00, 0x00, 0x00, 0x00, 0x00, 0x00, 0x00,
  0x00, 0x00, 0x00, 0x00, 0x00, 0x00, 0x00, 0x00, 0x00, 0x00, 0x00, 0x00, 0x18, 0xe3, 0xff, 0xff,
  0xff, 0xff, 0xff, 0xff, 0xff, 0xff, 0xff, 0xff, 0xff, 0xff, 0xff, 0xff, 0xff, 0xff, 0xff, 0xff,
  0xff, 0xff, 0xff, 0xff, 0x00, 0x20, 0x00, 0x00, 0x00, 0x00, 0xff, 0xff, 0xff, 0xff, 0xff, 0xff,
  0xff, 0xff, 0xff, 0xff, 0x63, 0x2c, 0x00, 0x00, 0x00, 0x00, 0xd6, 0x9a, 0xff, 0xff, 0xff, 0xff,
  0x00, 0x20, 0x00, 0x00, 0x00, 0x00, 0x00, 0x00, 0x00, 0x00, 0x00, 0x00, 0x00, 0x00, 0x00, 0x00,
  0x00, 0x00, 0x00, 0x00, 0x00, 0x00, 0x00, 0x00, 0x00, 0x00, 0x00, 0x00, 0xef, 0x5d, 0xff, 0xff,
  0xff, 0xff, 0x00, 0x00, 0x00, 0x00, 0x00, 0x20, 0xff, 0xff, 0xff, 0xff, 0xde, 0xdb, 0x00, 0x00,
  0x00, 0x00, 0x00, 0x00, 0x00, 0x00, 0x00, 0x00, 0x00, 0x00, 0x00, 0x00, 0x00, 0x00, 0x00, 0x00,
  0x00, 0x00, 0x00, 0x00, 0x00, 0x00, 0x00, 0x00, 0x08, 0x41, 0xff, 0xff, 0xff, 0xff, 0xde, 0xfb,
  0x00, 0x00, 0x00, 0x00, 0xa5, 0x34, 0xff, 0xff, 0xff, 0xff, 0x29, 0x45, 0x00, 0x00, 0x00, 0x00,
  0xff, 0xdf, 0xff, 0xff, 0xff, 0xff, 0x84, 0xb6, 0x6c, 0x15, 0xff, 0xff, 0xff, 0xff, 0x00, 0x00,
  0x00, 0x00, 0x08, 0x61, 0xff, 0xff, 0xff, 0xff, 0xff, 0xff, 0xff, 0xff, 0xff, 0xff, 0x84, 0x10,
  0x00, 0x00, 0x00, 0x00, 0x00, 0x00, 0x00, 0x00, 0x00, 0x00, 0x00, 0x00, 0x00, 0x00, 0x00, 0x00,
  0x00, 0x00, 0x00, 0x00, 0x21, 0x04, 0xff, 0xff, 0xff, 0xff, 0xff, 0xff, 0xff, 0xdf, 0xff, 0xdf,
  0xff, 0xdf, 0xff, 0xdf, 0xff, 0xdf, 0xff, 0xdf, 0xff, 0xdf, 0xff, 0xdf, 0x00, 0x20, 0x00, 0x00,
  0x00, 0x00, 0xff, 0xff, 0xff, 0xff, 0xff, 0xff, 0xff, 0xff, 0xff, 0xff, 0x63, 0x2c, 0x00, 0x00,
  0x00, 0x00, 0xd6, 0x9a, 0xff, 0xff, 0xff, 0xff, 0x00, 0x20, 0x00, 0x00, 0x00, 0x00, 0x00, 0x00,
  0x00, 0x00, 0x00, 0x00, 0x00, 0x00, 0x00, 0x00, 0x00, 0x00, 0x00, 0x00, 0x00, 0x00, 0x00, 0x00,
  0x00, 0x00, 0x00, 0x00, 0xef, 0x5d, 0xff, 0xdf, 0xff, 0xdf, 0x00, 0x00, 0x00, 0x00, 0x00, 0x20,
  0xff, 0xdf, 0xff, 0xdf, 0xd6, 0xba, 0x00, 0x00, 0x00, 0x00, 0x00, 0x00, 0x00, 0x00, 0x00, 0x00,
  0x00, 0x00, 0x00, 0x00, 0x00, 0x00, 0x00, 0x00, 0x00, 0x00, 0x00, 0x00, 0x00, 0x00, 0x00, 0x00,
  0x08, 0x41, 0xff, 0xdf, 0xff, 0xdf, 0xde, 0xfb, 0x00, 0x00, 0x00, 0x00, 0xa5, 0x34, 0xff, 0xdf,
  0xff, 0xdf, 0x29, 0x65, 0x00, 0x00, 0x00, 0x00, 0xff, 0xdf, 0xff, 0xff, 0xff, 0xff, 0x84, 0xb6,
  0x6c, 0x15, 0xff, 0xff, 0xff, 0xff, 0xff, 0xff, 0xff, 0xff, 0xff, 0xff, 0xff, 0xff, 0xff, 0xff,
  0xff, 0xff, 0xff, 0xff, 0xff, 0xff, 0xff, 0xff, 0xff, 0xff, 0xff, 0xff, 0xff, 0xff, 0xff, 0xff,
  0xff, 0xff, 0xff, 0xff, 0xff, 0xff, 0xff, 0xff, 0xff, 0xff, 0xff, 0xff, 0xff, 0xff, 0xff, 0xff,
  0xff, 0xff, 0x8c, 0x51, 0x00, 0x00, 0x00, 0x00, 0x00, 0x00, 0x00, 0x00, 0x00, 0x00, 0x00, 0x00,
  0x00, 0x00, 0x00, 0x00, 0x00, 0x00, 0x00, 0x00, 0x00, 0x00, 0xff, 0xff, 0xff, 0xff, 0xff, 0xff,
  0xff, 0xff, 0xff, 0xff, 0x63, 0x2c, 0x00, 0x00, 0x00, 0x00, 0xd6, 0x9a, 0xff, 0xff, 0xff, 0xff,
  0x00, 0x20, 0x00, 0x00, 0x00, 0x00, 0x00, 0x00, 0x00, 0x00, 0x08, 0x41, 0xff, 0xff, 0xff, 0xff,
  0xce, 0x59, 0x00, 0x00, 0x00, 0x00, 0x9c, 0xf3, 0xff, 0xff, 0xff, 0xff, 0x10, 0x82, 0x00, 0x00,
  0x00, 0x00, 0x00, 0x00, 0x00, 0x00, 0x00, 0x00, 0x00, 0x00, 0x00, 0x00, 0x00, 0x00, 0x00, 0x00,
  0x00, 0x00, 0x6b, 0x6d, 0xff, 0xff, 0xff, 0xff, 0xff, 0xff, 0xff, 0xff, 0xff, 0xff, 0xff, 0xff,
  0xff, 0xff, 0xff, 0xff, 0x00, 0x00, 0x00, 0x00, 0x00, 0x00, 0x00, 0x00, 0x00, 0x00, 0x21, 0x04,
  0xff, 0xff, 0xff, 0xff, 0x5a, 0xcb, 0x00, 0x00, 0x00, 0x00, 0xd6, 0xba, 0xff, 0xff, 0xff, 0xff,
  0xff, 0xff, 0xff, 0xff, 0xff, 0xff, 0x84, 0xb6, 0x6c, 0x15, 0xff, 0xff, 0xff, 0xff, 0xff, 0xff,
  0xff, 0xff, 0xff, 0xff, 0xff, 0xff, 0xff, 0xff, 0xff, 0xff, 0xff, 0xff, 0xff, 0xff, 0xff, 0xff,
  0xff, 0xff, 0xff, 0xff, 0xff, 0xff, 0xff, 0xff, 0xff, 0xff, 0xff, 0xff, 0xff, 0xff, 0xff, 0xff,
  0xff, 0xff, 0xff, 0xff, 0xff, 0xff, 0xff, 0xff, 0xff, 0xff, 0x8c, 0x51, 0x00, 0x00, 0x00, 0x00,
  0x00, 0x00, 0x00, 0x00, 0x00, 0x00, 0x00, 0x00, 0x00, 0x00, 0x00, 0x00, 0x00, 0x00, 0x00, 0x00,
  0x00, 0x00, 0xff, 0xff, 0xff, 0xff, 0xff, 0xff, 0xff, 0xff, 0xff, 0xff, 0x63, 0x2c, 0x00, 0x00,
  0x00, 0x00, 0xd6, 0x9a, 0xff, 0xff, 0xff, 0xff, 0x00, 0x20, 0x00, 0x00, 0x00, 0x00, 0x00, 0x00,
  0x00, 0x00, 0x08, 0x41, 0xff, 0xff, 0xff, 0xff, 0xce, 0x59, 0x00, 0x00, 0x00, 0x00, 0x9c, 0xf3,
  0xff, 0xff, 0xff, 0xff, 0x10, 0x82, 0x00, 0x00, 0x00, 0x00, 0x00, 0x00, 0x00, 0x00, 0x00, 0x00,
  0x00, 0x00, 0x00, 0x00, 0x00, 0x00, 0x00, 0x00, 0x00, 0x00, 0x6b, 0x6d, 0xff, 0xff, 0xff, 0xff,
  0xff, 0xff, 0xff, 0xff, 0xff, 0xff, 0xff, 0xff, 0xff, 0xff, 0xff, 0xff, 0x00, 0x00, 0x00, 0x00,
  0x00, 0x00, 0x00, 0x00, 0x00, 0x00, 0x21, 0x04, 0xff, 0xff, 0xff, 0xff, 0x5a, 0xcb, 0x00, 0x00,
  0x00, 0x00, 0xd6, 0xba, 0xff, 0xff, 0xff, 0xff, 0xff, 0xff, 0xff, 0xff, 0xff, 0xff, 0x84, 0xb6,
  0x6c, 0x15, 0xff, 0xff, 0xff, 0xff, 0xbd, 0xd7, 0xb5, 0xb6, 0xbd, 0xd7, 0xbd, 0xd7, 0xbd, 0xd7,
  0xbd, 0xd7, 0xb5, 0xb6, 0xbd, 0xd7, 0xbd, 0xd7, 0xbd, 0xd7, 0xbd, 0xd7, 0xbd, 0xd7, 0xbd, 0xd7,
  0xbd, 0xd7, 0xbd, 0xd7, 0xbd, 0xd7, 0xb5, 0xb6, 0xbd, 0xd7, 0xbd, 0xd7, 0xc6, 0x18, 0xff, 0xff,
  0xff, 0xff, 0x8c, 0x51, 0x00, 0x00, 0x00, 0x00, 0x29, 0x45, 0x42, 0x28, 0x42, 0x28, 0x00, 0x00,
  0x00, 0x00, 0x00, 0x00, 0x42, 0x28, 0x42, 0x28, 0x42, 0x28, 0xff, 0xff, 0xff, 0xff, 0xff, 0xdf,
  0xb5, 0xb6, 0xbd, 0xd7, 0x73, 0xae, 0x42, 0x28, 0x42, 0x28, 0xa5, 0x34, 0xbd, 0xd7, 0xbd, 0xd7,
  0x00, 0x00, 0x00, 0x00, 0x00, 0x00, 0x42, 0x28, 0x42, 0x28, 0x4a, 0x49, 0xbd, 0xd7, 0xb5, 0xb6,
  0x94, 0x92, 0x00, 0x00, 0x00, 0x00, 0x9c, 0xf3, 0xff, 0xff, 0xff, 0xff, 0x52, 0xaa, 0x42, 0x28,
  0x42, 0x28, 0x00, 0x00, 0x00, 0x00, 0x00, 0x00, 0x42, 0x28, 0x42, 0x28, 0x39, 0xe7, 0x00, 0x00,
  0x00, 0x00, 0x6b, 0x6d, 0xff, 0xff, 0xff, 0xff, 0xd6, 0x9a, 0xbd, 0xd7, 0xb5, 0xb6, 0xff, 0xdf,
  0xff, 0xff, 0xff, 0xff, 0x00, 0x00, 0x00, 0x00, 0x00, 0x00, 0x42, 0x28, 0x42, 0x28, 0x5a, 0xeb,
  0xff, 0xff, 0xff, 0xff, 0x84, 0x30, 0x42, 0x28, 0x42, 0x28, 0xe7, 0x1c, 0xff, 0xff, 0xff, 0xff,
  0xff, 0xff, 0xff, 0xff, 0xff, 0xff, 0x84, 0xb6, 0x6c, 0x15, 0xff, 0xff, 0xff, 0xff, 0x00, 0x00,
  0x00, 0x00, 0x00, 0x00, 0x00, 0x00, 0x00, 0x00, 0x00, 0x00, 0x00, 0x00, 0x00, 0x00, 0x00, 0x00,
  0x00, 0x00, 0x00, 0x00, 0x00, 0x00, 0x00, 0x00, 0x00, 0x00, 0x00, 0x00, 0x00, 0x00, 0x00, 0x00,
  0x00, 0x00, 0x00, 0x00, 0x18, 0xe3, 0xff, 0xff, 0xff, 0xff, 0x8c, 0x51, 0x00, 0x00, 0x00, 0x00,
  0x9c, 0xf3, 0xff, 0xff, 0xff, 0xff, 0x08, 0x61, 0x00, 0x00, 0x00, 0x00, 0xff, 0xdf, 0xff, 0xff,
  0xff, 0xff, 0xff, 0xff, 0xff, 0xff, 0xe7, 0x3c, 0x00, 0x00, 0x00, 0x00, 0x94, 0xb2, 0xff, 0xff,
  0xff, 0xff, 0x29, 0x65, 0x00, 0x00, 0x00, 0x00, 0x00, 0x00, 0x00, 0x00, 0x00, 0x00, 0xff, 0xff,
  0xff, 0xff, 0xf7, 0xbe, 0x00, 0x00, 0x00, 0x00, 0x00, 0x00, 0x00, 0x00, 0x00, 0x00, 0x9c, 0xf3,
  0xff, 0xff, 0xff, 0xff, 0xff, 0xff, 0xff, 0xff, 0xff, 0xff, 0x00, 0x00, 0x00, 0x00, 0x00, 0x20,
  0xff, 0xff, 0xff, 0xff, 0xde, 0xdb, 0x00, 0x00, 0x00, 0x00, 0x6b, 0x6d, 0xff, 0xff, 0xff, 0xff,
  0x52, 0xaa, 0x00, 0x00, 0x00, 0x00, 0xf7, 0x9e, 0xff, 0xff, 0xff, 0xff, 0x00, 0x00, 0x00, 0x00,
  0x08, 0x41, 0xff, 0xff, 0xff, 0xff, 0xff, 0xff, 0xff, 0xff, 0xff, 0xff, 0xff, 0xff, 0xff, 0xff,
  0xff, 0xff, 0xff, 0xff, 0xff, 0xff, 0xff, 0xff, 0xff, 0xff, 0xff, 0xff, 0xff, 0xff, 0x84, 0xb6,
  0x6c, 0x15, 0xff, 0xff, 0xff, 0xff, 0x00, 0x00, 0x00, 0x00, 0x00, 0x00, 0x00, 0x00, 0x00, 0x00,
  0x00, 0x00, 0x00, 0x00, 0x00, 0x00, 0x00, 0x00, 0x00, 0x00, 0x00, 0x00, 0x00, 0x00, 0x00, 0x00,
  0x00, 0x00, 0x00, 0x00, 0x00, 0x00, 0x00, 0x00, 0x00, 0x00, 0x00, 0x00, 0x18, 0xe3, 0xff, 0xff,
  0xff, 0xff, 0x8c, 0x51, 0x00, 0x00, 0x00, 0x00, 0x9c, 0xf3, 0xff, 0xff, 0xff, 0xff, 0x08, 0x61,
  0x00, 0x00, 0x00, 0x00, 0xff, 0xdf, 0xff, 0xff, 0xff, 0xff, 0xff, 0xff, 0xff, 0xff, 0xe7, 0x3c,
  0x00, 0x00, 0x00, 0x00, 0x94, 0xb2, 0xff, 0xff, 0xff, 0xff, 0x29, 0x65, 0x00, 0x00, 0x00, 0x00,
  0x00, 0x00, 0x00, 0x00, 0x00, 0x00, 0xff, 0xff, 0xff, 0xff, 0xf7, 0xbe, 0x00, 0x00, 0x00, 0x00,
  0x00, 0x00, 0x00, 0x00, 0x00, 0x00, 0x9c, 0xf3, 0xff, 0xff, 0xff, 0xff, 0xff, 0xff, 0xff, 0xff,
  0xff, 0xff, 0x00, 0x00, 0x00, 0x00, 0x00, 0x20, 0xff, 0xff, 0xff, 0xff, 0xde, 0xdb, 0x00, 0x00,
  0x00, 0x00, 0x6b, 0x6d, 0xff, 0xff, 0xff, 0xff, 0x52, 0xaa, 0x00, 0x00, 0x00, 0x00, 0xf7, 0x9e,
  0xff, 0xff, 0xff, 0xff, 0x00, 0x00, 0x00, 0x00, 0x08, 0x41, 0xff, 0xff, 0xff, 0xff, 0xff, 0xff,
  0xff, 0xff, 0xff, 0xff, 0xff, 0xff, 0xff, 0xff, 0xff, 0xff, 0xff, 0xff, 0xff, 0xff, 0xff, 0xff,
  0xff, 0xff, 0xff, 0xff, 0xff, 0xff, 0x84, 0xb6, 0x6c, 0x15, 0xff, 0xff, 0xff, 0xff, 0x00, 0x00,
  0x00, 0x00, 0x00, 0x20, 0x8c, 0x71, 0x8c, 0x71, 0x8c, 0x71, 0x8c, 0x71, 0x8c, 0x71, 0x8c, 0x71,
  0x8c, 0x71, 0x8c, 0x71, 0x8c, 0x71, 0x8c, 0x71, 0x8c, 0x71, 0x8c, 0x71, 0x8c, 0x71, 0x8c, 0x71,
  0x00, 0x00, 0x00, 0x00, 0x18, 0xe3, 0xff, 0xff, 0xff, 0xff, 0x8c, 0x51, 0x00, 0x00, 0x00, 0x00,
  0x9c, 0xf3, 0xff, 0xff, 0xff, 0xff, 0x08, 0x61, 0x00, 0x00, 0x00, 0x00, 0x6b, 0x6d, 0x73, 0x8e,
  0x73, 0x8e, 0xff, 0xff, 0xff, 0xff, 0xf7, 0xbe, 0x8c, 0x71, 0x8c, 0x71, 0xd6, 0x9a, 0xff, 0xff,
  0xff, 0xff, 0xa5, 0x14, 0x8c, 0x71, 0x8c, 0x71, 0x8c, 0x71, 0x8c, 0x71, 0x8c, 0x71, 0x73, 0x8e,
  0x73, 0x8e, 0x73, 0x8e, 0x8c, 0x71, 0x8c, 0x71, 0x8c, 0x71, 0x8c, 0x71, 0x8c, 0x71, 0x7b, 0xcf,
  0x73, 0x8e, 0x73, 0x8e, 0x73, 0x8e, 0x73, 0x8e, 0x73, 0x8e, 0x00, 0x00, 0x00, 0x00, 0x00, 0x00,
  0x73, 0x8e, 0x73, 0x8e, 0x5a, 0xeb, 0x00, 0x00, 0x00, 0x00, 0x6b, 0x6d, 0xff, 0xff, 0xff, 0xff,
  0xb5, 0xb6, 0x8c, 0x71, 0x8c, 0x71, 0xff, 0xdf, 0xff, 0xff, 0xff, 0xff, 0x00, 0x00, 0x00, 0x00,
  0x00, 0x20, 0x73, 0x8e, 0x73, 0x8e, 0x84, 0x10, 0xff, 0xff, 0xff, 0xff, 0xff, 0xff, 0xff, 0xff,
  0xff, 0xff, 0xff, 0xff, 0xff, 0xff, 0xff, 0xff, 0xff, 0xff, 0xff, 0xff, 0xff, 0xff, 0x84, 0xb6,
  0x6c, 0x15, 0xff, 0xff, 0xff, 0xff, 0x00, 0x00, 0x00, 0x00, 0x08, 0x41, 0xff, 0xff, 0xff, 0xff,
  0xff, 0xff, 0xff, 0xff, 0xff, 0xff, 0xff, 0xff, 0xff, 0xff, 0xff, 0xff, 0xff, 0xff, 0xff, 0xff,
  0xff, 0xff, 0xff, 0xff, 0xff, 0xff, 0xff, 0xff, 0x00, 0x00, 0x00, 0x00, 0x18, 0xe3, 0xff, 0xff,
  0xff, 0xff, 0x8c, 0x51, 0x00, 0x00, 0x00, 0x00, 0x9c, 0xf3, 0xff, 0xff, 0xff, 0xff, 0x08, 0x61,
  0x00, 0x00, 0x00, 0x00, 0x00, 0x00, 0x00, 0x00, 0x00, 0x00, 0xff, 0xff, 0xff, 0xff, 0xff, 0xff,
  0xff, 0xff, 0xff, 0xff, 0xff, 0xff, 0xff, 0xff, 0xff, 0xff, 0xff, 0xff, 0xff, 0xff, 0xff, 0xff,
  0xff, 0xff, 0xff, 0xff, 0xff, 0xff, 0x00, 0x00, 0x00, 0x00, 0x08, 0x41, 0xff, 0xff, 0xff, 0xff,
  0xff, 0xff, 0xff, 0xff, 0xff, 0xff, 0x63, 0x0c, 0x00, 0x00, 0x00, 0x00, 0x00, 0x00, 0x00, 0x00,
  0x00, 0x00, 0x00, 0x00, 0x00, 0x00, 0x00, 0x00, 0x00, 0x00, 0x00, 0x00, 0x00, 0x00, 0x00, 0x00,
  0x00, 0x00, 0x6b, 0x6d, 0xff, 0xff, 0xff, 0xff, 0xff, 0xff, 0xff, 0xff, 0xff, 0xff, 0xff, 0xff,
  0xff, 0xff, 0xff, 0xff, 0x00, 0x00, 0x00, 0x00, 0x00, 0x00, 0x00, 0x00, 0x00, 0x00, 0x21, 0x04,
  0xff, 0xff, 0xff, 0xff, 0xff, 0xff, 0xff, 0xff, 0xff, 0xff, 0xff, 0xff, 0xff, 0xff, 0xff, 0xff,
  0xff, 0xff, 0xff, 0xff, 0xff, 0xff, 0x84, 0xb6, 0x6c, 0x15, 0xff, 0xff, 0xff, 0xff, 0x00, 0x00,
  0x00, 0x00, 0x08, 0x41, 0xff, 0xff, 0xff, 0xff, 0xff, 0xff, 0xff, 0xff, 0xff, 0xff, 0xff, 0xff,
  0xff, 0xff, 0xff, 0xff, 0xff, 0xff, 0xff, 0xff, 0xff, 0xff, 0xff, 0xff, 0xff, 0xff, 0xff, 0xff,
  0x00, 0x00, 0x00, 0x00, 0x18, 0xe3, 0xff, 0xff, 0xff, 0xff, 0x8c, 0x51, 0x00, 0x00, 0x00, 0x00,
  0x9c, 0xf3, 0xff, 0xff, 0xff, 0xff, 0x08, 0x61, 0x00, 0x00, 0x00, 0x00, 0x00, 0x00, 0x00, 0x00,
  0x00, 0x00, 0xff, 0xff, 0xff, 0xff, 0xff, 0xff, 0xff, 0xff, 0xff, 0xff, 0xff, 0xff, 0xff, 0xff,
  0xff, 0xff, 0xff, 0xff, 0xff, 0xff, 0xff, 0xff, 0xff, 0xff, 0xff, 0xff, 0xff, 0xff, 0x00, 0x00,
  0x00, 0x00, 0x08, 0x41, 0xff, 0xff, 0xff, 0xff, 0xff, 0xff, 0xff, 0xff, 0xff, 0xff, 0x63, 0x0c,
  0x00, 0x00, 0x00, 0x00, 0x00, 0x00, 0x00, 0x00, 0x00, 0x00, 0x00, 0x00, 0x00, 0x00, 0x00, 0x00,
  0x00, 0x00, 0x00, 0x00, 0x00, 0x00, 0x00, 0x00, 0x00, 0x00, 0x6b, 0x6d, 0xff, 0xff, 0xff, 0xff,
  0xff, 0xff, 0xff, 0xff, 0xff, 0xff, 0xff, 0xff, 0xff, 0xff, 0xff, 0xff, 0x00, 0x00, 0x00, 0x00,
  0x00, 0x00, 0x00, 0x00, 0x00, 0x00, 0x21, 0x04, 0xff, 0xff, 0xff, 0xff, 0xff, 0xff, 0xff, 0xff,
  0xff, 0xff, 0xff, 0xff, 0xff, 0xff, 0xff, 0xff, 0xff, 0xff, 0xff, 0xff, 0xff, 0xff, 0x84, 0xb6,
  0x6c, 0x15, 0xff, 0xff, 0xff, 0xff, 0x00, 0x00, 0x00, 0x00, 0x08, 0x41, 0xff, 0xff, 0xff, 0xff,
  0xe7, 0x3c, 0x31, 0xa6, 0x31, 0xa6, 0x31, 0xa6, 0x31, 0xa6, 0x31, 0xa6, 0x31, 0xa6, 0x31, 0xa6,
  0x31, 0xa6, 0xff, 0xdf, 0xff, 0xff, 0xff, 0xff, 0x00, 0x00, 0x00, 0x00, 0x18, 0xe3, 0xff, 0xff,
  0xff, 0xff, 0x8c, 0x51, 0x00, 0x00, 0x00, 0x00, 0x21, 0x04, 0x31, 0xa6, 0x31, 0xa6, 0xc6, 0x18,
  0xce, 0x59, 0xce, 0x59, 0xce, 0x59, 0xce, 0x59, 0xce, 0x59, 0x31, 0xa6, 0x31, 0xa6, 0x4a, 0x49,
  0xff, 0xff, 0xff, 0xff, 0xff, 0xff, 0xff, 0xff, 0xff, 0xff, 0xff, 0xff, 0xff, 0xff, 0xff, 0xff,
  0x39, 0xc7, 0x31, 0xa6, 0x31, 0xa6, 0xce, 0x59, 0xce, 0x59, 0xc6, 0x18, 0x31, 0xa6, 0x31, 0xa6,
  0x5a, 0xeb, 0xff, 0xff, 0xff, 0xff, 0x63, 0x0c, 0x00, 0x00, 0x00, 0x00, 0x00, 0x00, 0x00, 0x00,
  0x00, 0x00, 0x00, 0x00, 0x00, 0x00, 0x00, 0x20, 0xce, 0x59, 0xce, 0x59, 0xad, 0x55, 0x00, 0x00,
  0x00, 0x00, 0x10, 0xa2, 0x31, 0xa6, 0x31, 0xa6, 0x31, 0xa6, 0x31, 0xa6, 0x31, 0xa6, 0x31, 0xa6,
  0x31, 0xa6, 0x31, 0xa6, 0x00, 0x00, 0x00, 0x00, 0x00, 0x00, 0x00, 0x00, 0x00, 0x00, 0x21, 0x04,
  0xff, 0xff, 0xff, 0xff, 0x7b, 0xef, 0x31, 0xa6, 0x31, 0xa6, 0xde, 0xfb, 0xff, 0xff, 0xff, 0xff,
  0xff, 0xff, 0xff, 0xff, 0xff, 0xff, 0x84, 0xb6, 0x6c, 0x15, 0xff, 0xff, 0xff, 0xff, 0x00, 0x00,
  0x00, 0x00, 0x08, 0x41, 0xff, 0xff, 0xff, 0xff, 0xde, 0xfb, 0x00, 0x00, 0x00, 0x00, 0x00, 0x00,
  0x00, 0x00, 0x00, 0x00, 0x00, 0x00, 0x00, 0x00, 0x00, 0x00, 0xff, 0xdf, 0xff, 0xff, 0xff, 0xff,
  0x00, 0x00, 0x00, 0x00, 0x18, 0xe3, 0xff, 0xff, 0xff, 0xff, 0x8c, 0x51, 0x00, 0x00, 0x00, 0x00,
  0x00, 0x00, 0x00, 0x00, 0x00, 0x00, 0xf7, 0x9e, 0xff, 0xff, 0xff, 0xff, 0xff, 0xff, 0xff, 0xff,
  0xff, 0xff, 0x00, 0x00, 0x00, 0x00, 0x18, 0xc3, 0xff, 0xff, 0xff, 0xff, 0xff, 0xff, 0xff, 0xff,
  0xff, 0xff, 0xff, 0xff, 0xff, 0xff, 0xff, 0xff, 0x00, 0x20, 0x00, 0x00, 0x00, 0x00, 0xff, 0xff,
  0xff, 0xff, 0xf7, 0xbe, 0x00, 0x00, 0x00, 0x00, 0x31, 0x86, 0xff, 0xff, 0xff, 0xff, 0x63, 0x0c,
  0x00, 0x00, 0x00, 0x00, 0x00, 0x00, 0x00, 0x00, 0x00, 0x00, 0x00, 0x00, 0x00, 0x00, 0x00, 0x20,
  0xff, 0xff, 0xff, 0xff, 0xde, 0xdb, 0x00, 0x00, 0x00, 0x00, 0x00, 0x00, 0x00, 0x00, 0x00, 0x00,
  0x00, 0x00, 0x00, 0x00, 0x00, 0x00, 0x00, 0x00, 0x00, 0x00, 0x00, 0x00, 0x00, 0x00, 0x00, 0x00,
  0x00, 0x00, 0x00, 0x00, 0x00, 0x00, 0x21, 0x04, 0xff, 0xff, 0xff, 0xff, 0x5a, 0xcb, 0x00, 0x00,
  0x00, 0x00, 0xd6, 0xba, 0xff, 0xff, 0xff, 0xff, 0xff, 0xff, 0xff, 0xff, 0xff, 0xff, 0x84, 0xb6,
  0x6c, 0x15, 0xff, 0xff, 0xff, 0xff, 0x00, 0x00, 0x00, 0x00, 0x08, 0x41, 0xff, 0xff, 0xff, 0xff,
  0xde, 0xfb, 0x00, 0x00, 0x00, 0x00, 0x00, 0x00, 0x00, 0x00, 0x00, 0x00, 0x00, 0x00, 0x00, 0x00,
  0x00, 0x00, 0xff, 0xdf, 0xff, 0xff, 0xff, 0xff, 0x00, 0x00, 0x00, 0x00, 0x18, 0xe3, 0xff, 0xff,
  0xff, 0xff, 0x8c, 0x51, 0x00, 0x00, 0x00, 0x00, 0x00, 0x00, 0x00, 0x00, 0x00, 0x00, 0xf7, 0x9e,
  0xff, 0xff, 0xff, 0xff, 0xff, 0xff, 0xff, 0xff, 0xff, 0xff, 0x00, 0x00, 0x00, 0x00, 0x18, 0xc3,
  0xff, 0xff, 0xff, 0xff, 0xff, 0xff, 0xff, 0xff, 0xff, 0xff, 0xff, 0xff, 0xff, 0xff, 0xff, 0xff,
  0x00, 0x20, 0x00, 0x00, 0x00, 0x00, 0xff, 0xff, 0xff, 0xff, 0xf7, 0xbe, 0x00, 0x00, 0x00, 0x00,
  0x31, 0x86, 0xff, 0xff, 0xff, 0xff, 0x63, 0x0c, 0x00, 0x00, 0x00, 0x00, 0x00, 0x00, 0x00, 0x00,
  0x00, 0x00, 0x00, 0x00, 0x00, 0x00, 0x00, 0x20, 0xff, 0xff, 0xff, 0xff, 0xde, 0xdb, 0x00, 0x00,
  0x00, 0x00, 0x00, 0x00, 0x00, 0x00, 0x00, 0x00, 0x00, 0x00, 0x00, 0x00, 0x00, 0x00, 0x00, 0x00,
  0x00, 0x00, 0x00, 0x00, 0x00, 0x00, 0x00, 0x00, 0x00, 0x00, 0x00, 0x00, 0x00, 0x00, 0x21, 0x04,
  0xff, 0xff, 0xff, 0xff, 0x5a, 0xcb, 0x00, 0x00, 0x00, 0x00, 0xd6, 0xba, 0xff, 0xff, 0xff, 0xff,
  0xff, 0xff, 0xff, 0xff, 0xff, 0xff, 0x84, 0xb6, 0x6c, 0x15, 0xff, 0xff, 0xff, 0xff, 0x00, 0x00,
  0x00, 0x00, 0x08, 0x41, 0xff, 0xff, 0xff, 0xff, 0xde, 0xfb, 0x00, 0x00, 0x00, 0x00, 0x00, 0x00,
  0x00, 0x00, 0x00, 0x00, 0x00, 0x00, 0x00, 0x00, 0x00, 0x00, 0xff, 0xdf, 0xff, 0xff, 0xff, 0xff,
  0x00, 0x00, 0x00, 0x00, 0x18, 0xe3, 0xff, 0xff, 0xff, 0xff, 0xff, 0xff, 0xff, 0xff, 0xff, 0xff,
  0xff, 0xff, 0xff, 0xff, 0xff, 0xff, 0xff, 0xff, 0xff, 0xff, 0xff, 0xff, 0x00, 0x20, 0x00, 0x00,
  0x00, 0x00, 0x00, 0x00, 0x00, 0x00, 0x00, 0x00, 0x00, 0x00, 0x00, 0x00, 0x9c, 0xd3, 0xff, 0xff,
  0xff, 0xff, 0xff, 0xff, 0xff, 0xff, 0xff, 0xff, 0x00, 0x20, 0x00, 0x00, 0x00, 0x00, 0x00, 0x00,
  0x00, 0x00, 0x08, 0x61, 0xff, 0xff, 0xff, 0xff, 0xff, 0xff, 0xff, 0xff, 0xff, 0xff, 0x63, 0x0c,
  0x00, 0x00, 0x00, 0x00, 0x00, 0x00, 0x00, 0x00, 0x00, 0x00, 0x00, 0x00, 0x00, 0x00, 0x00, 0x00,
  0x00, 0x00, 0x00, 0x00, 0x21, 0x24, 0xff, 0xff, 0xff, 0xff, 0xff, 0xff, 0xff, 0xff, 0xff, 0xff,
  0x52, 0xaa, 0x00, 0x00, 0x00, 0x00, 0x00, 0x00, 0x00, 0x00, 0x00, 0x00, 0xff, 0xff, 0xff, 0xff,
  0xff, 0xff, 0xff, 0xff, 0xff, 0xff, 0xde, 0xfb, 0x00, 0x00, 0x00, 0x00, 0x00, 0x00, 0x00, 0x00,
  0x00, 0x00, 0x00, 0x00, 0x00, 0x00, 0x00, 0x00, 0xff, 0xdf, 0xff, 0xff, 0xff, 0xff, 0x84, 0xb6,
  0x6c, 0x15, 0xff, 0xff, 0xff, 0xff, 0x00, 0x00, 0x00, 0x00, 0x08, 0x41, 0xff, 0xff, 0xff, 0xff,
  0xde, 0xfb, 0x00, 0x00, 0x00, 0x00, 0x00, 0x00, 0x00, 0x00, 0x00, 0x00, 0x00, 0x00, 0x00, 0x00,
  0x00, 0x00, 0xff, 0xdf, 0xff, 0xff, 0xff, 0xff, 0x00, 0x00, 0x00, 0x00, 0x18, 0xe3, 0xff, 0xff,
  0xff, 0xff, 0xff, 0xff, 0xff, 0xff, 0xff, 0xff, 0xff, 0xff, 0xff, 0xff, 0xff, 0xff, 0xff, 0xff,
  0xff, 0xff, 0xff, 0xff, 0x00, 0x20, 0x00, 0x00, 0x00, 0x00, 0x00, 0x00, 0x00, 0x00, 0x00, 0x00,
  0x00, 0x00, 0x00, 0x00, 0x94, 0xb2, 0xff, 0xff, 0xff, 0xff, 0xff, 0xff, 0xff, 0xff, 0xff, 0xff,
  0x00, 0x20, 0x00, 0x00, 0x00, 0x00, 0x00, 0x00, 0x00, 0x00, 0x08, 0x41, 0xff, 0xff, 0xff, 0xff,
  0xff, 0xff, 0xff, 0xff, 0xff, 0xff, 0x63, 0x0c, 0x00, 0x00, 0x00, 0x00, 0x00, 0x00, 0x00, 0x00,
  0x00, 0x00, 0x00, 0x00, 0x00, 0x00, 0x00, 0x00, 0x00, 0x00, 0x00, 0x00, 0x21, 0x24, 0xff, 0xff,
  0xff, 0xff, 0xff, 0xff, 0xff, 0xff, 0xff, 0xff, 0x52, 0xaa, 0x00, 0x00, 0x00, 0x00, 0x00, 0x00,
  0x00, 0x00, 0x00, 0x00, 0xff, 0xff, 0xff, 0xff, 0xff, 0xff, 0xff, 0xff, 0xff, 0xff, 0xde, 0xfb,
  0x00, 0x00, 0x00, 0x00, 0x00, 0x00, 0x00, 0x00, 0x00, 0x00, 0x00, 0x00, 0x00, 0x00, 0x00, 0x00,
  0xff, 0xdf, 0xff, 0xff, 0xff, 0xff, 0x84, 0xb6, 0x6c, 0x15, 0xff, 0xff, 0xff, 0xff, 0x00, 0x00,
  0x00, 0x00, 0x08, 0x41, 0xff, 0xff, 0xff, 0xff, 0xde, 0xfb, 0x00, 0x00, 0x00, 0x00, 0x00, 0x00,
  0x00, 0x00, 0x00, 0x00, 0x00, 0x00, 0x00, 0x00, 0x00, 0x00, 0xff, 0xdf, 0xff, 0xff, 0xff, 0xff,
  0x00, 0x00, 0x00, 0x00, 0x18, 0xe3, 0xff, 0xff, 0xff, 0xff, 0xff, 0xff, 0xff, 0xff, 0xff, 0xff,
  0xff, 0xff, 0xff, 0xff, 0xff, 0xff, 0xff, 0xff, 0xff, 0xff, 0xff, 0xff, 0x00, 0x20, 0x00, 0x00,
  0x00, 0x00, 0x00, 0x00, 0x00, 0x00, 0x00, 0x00, 0x00, 0x00, 0x00, 0x00, 0x9c, 0xd3, 0xff, 0xff,
  0xff, 0xff, 0xff, 0xff, 0xff, 0xff, 0xff, 0xff, 0x00, 0x20, 0x00, 0x00, 0x00, 0x00, 0x00, 0x00,
  0x00, 0x00, 0x08, 0x41, 0xff, 0xff, 0xff, 0xff, 0xff, 0xff, 0xff, 0xff, 0xff, 0xff, 0x63, 0x0c,
  0x00, 0x00, 0x00, 0x00, 0x00, 0x00, 0x00, 0x00, 0x00, 0x00, 0x00, 0x00, 0x00, 0x00, 0x00, 0x00,
  0x00, 0x00, 0x00, 0x00, 0x21, 0x24, 0xff, 0xff, 0xff, 0xff, 0xff, 0xff, 0xff, 0xff, 0xff, 0xff,
  0x52, 0xaa, 0x00, 0x00, 0x00, 0x00, 0x00, 0x00, 0x00, 0x00, 0x00, 0x00, 0xff, 0xff, 0xff, 0xff,
  0xff, 0xff, 0xff, 0xff, 0xff, 0xff, 0xde, 0xfb, 0x00, 0x00, 0x00, 0x00, 0x00, 0x00, 0x00, 0x00,
  0x00, 0x00, 0x00, 0x00, 0x00, 0x00, 0x00, 0x00, 0xff, 0xdf, 0xff, 0xff, 0xff, 0xff, 0x84, 0xb6,
  0x6c, 0x15, 0xff, 0xff, 0xff, 0xff, 0x00, 0x00, 0x00, 0x00, 0x08, 0x41, 0xff, 0xff, 0xff, 0xff,
  0xde, 0xfb, 0x00, 0x00, 0x00, 0x00, 0x00, 0x00, 0x00, 0x00, 0x00, 0x00, 0x00, 0x00, 0x00, 0x00,
  0x00, 0x00, 0xff, 0xdf, 0xff, 0xff, 0xff, 0xff, 0x00, 0x00, 0x00, 0x00, 0x18, 0xe3, 0xff, 0xff,
  0xff, 0xff, 0x8c, 0x51, 0x00, 0x00, 0x00, 0x00, 0x00, 0x00, 0x00, 0x00, 0x00, 0x00, 0xf7, 0x9e,
  0xff, 0xff, 0xff, 0xff, 0x00, 0x20, 0x00, 0x00, 0x00, 0x00, 0x00, 0x00, 0x00, 0x00, 0x10, 0xa2,
  0xff, 0xff, 0xff, 0xff, 0x63, 0x2c, 0x00, 0x00, 0x00, 0x00, 0xd6, 0x9a, 0xff, 0xff, 0xff, 0xff,
  0xff, 0xff, 0xff, 0xff, 0xff, 0xff, 0x00, 0x00, 0x00, 0x00, 0x00, 0x00, 0x00, 0x00, 0x00, 0x00,
  0x31, 0xa6, 0xff, 0xff, 0xff, 0xff, 0x63, 0x0c, 0x00, 0x00, 0x00, 0x00, 0xef, 0x5d, 0xff, 0xff,
  0xff, 0xff, 0x00, 0x00, 0x00, 0x00, 0x00, 0x00, 0x00, 0x00, 0x00, 0x00, 0x00, 0x00, 0x00, 0x00,
  0x00, 0x00, 0x6b, 0x6d, 0xff, 0xff, 0xff, 0xff, 0xff, 0xff, 0xff, 0xff, 0xff, 0xff, 0xff, 0xff,
  0xff, 0xff, 0xff, 0xff, 0xff, 0xff, 0xff, 0xff, 0xff, 0xff, 0xff, 0xff, 0xff, 0xff, 0xde, 0xfb,
  0x00, 0x00, 0x00, 0x00, 0xa5, 0x14, 0xff, 0xff, 0xff, 0xff, 0x29, 0x45, 0x00, 0x00, 0x00, 0x00,
  0xff, 0xdf, 0xff, 0xff, 0xff, 0xff, 0x84, 0xb6, 0x6c, 0x15, 0xff, 0xff, 0xff, 0xff, 0x00, 0x00,
  0x00, 0x00, 0x08, 0x41, 0xff, 0xff, 0xff, 0xff, 0xde, 0xfb, 0x00, 0x00, 0x00, 0x00, 0x00, 0x00,
  0x00, 0x00, 0x00, 0x00, 0x00, 0x00, 0x00, 0x00, 0x00, 0x00, 0xff, 0xdf, 0xff, 0xff, 0xff, 0xff,
  0x00, 0x00, 0x00, 0x00, 0x18, 0xe3, 0xff, 0xff, 0xff, 0xff, 0x8c, 0x51, 0x00, 0x00, 0x00, 0x00,
  0x00, 0x00, 0x00, 0x00, 0x00, 0x00, 0xf7, 0x9e, 0xff, 0xff, 0xff, 0xff, 0x00, 0x20, 0x00, 0x00,
  0x00, 0x00, 0x00, 0x00, 0x00, 0x00, 0x18, 0xc3, 0xff, 0xff, 0xff, 0xff, 0x63, 0x2c, 0x00, 0x00,
  0x00, 0x00, 0xd6, 0x9a, 0xff, 0xff, 0xff, 0xff, 0xff, 0xff, 0xff, 0xff, 0xff, 0xff, 0x00, 0x00,
  0x00, 0x00, 0x00, 0x00, 0x00, 0x00, 0x00, 0x00, 0x31, 0x86, 0xff, 0xff, 0xff, 0xff, 0x63, 0x0c,
  0x00, 0x00, 0x00, 0x00, 0xef, 0x5d, 0xff, 0xff, 0xff, 0xff, 0x00, 0x00, 0x00, 0x00, 0x00, 0x00,
  0x00, 0x00, 0x00, 0x00, 0x00, 0x00, 0x00, 0x00, 0x00, 0x00, 0x6b, 0x6d, 0xff, 0xff, 0xff, 0xff,
  0xff, 0xff, 0xff, 0xff, 0xff, 0xff, 0xff, 0xff, 0xff, 0xff, 0xff, 0xff, 0xff, 0xff, 0xff, 0xff,
  0xff, 0xff, 0xff, 0xff, 0xff, 0xff, 0xde, 0xfb, 0x00, 0x00, 0x00, 0x00, 0xa5, 0x34, 0xff, 0xff,
  0xff, 0xff, 0x29, 0x45, 0x00, 0x00, 0x00, 0x00, 0xff, 0xdf, 0xff, 0xff, 0xff, 0xff, 0x84, 0xb6,
  0x6c, 0x15, 0xff, 0xff, 0xff, 0xff, 0x00, 0x00, 0x00, 0x00, 0x08, 0x41, 0xff, 0xff, 0xff, 0xff,
  0xde, 0xfb, 0x00, 0x00, 0x00, 0x00, 0x00, 0x00, 0x00, 0x00, 0x00, 0x00, 0x00, 0x00, 0x00, 0x00,
  0x00, 0x00, 0xff, 0xdf, 0xff, 0xff, 0xff, 0xff, 0x00, 0x00, 0x00, 0x00, 0x18, 0xe3, 0xff, 0xff,
  0xff, 0xff, 0x8c, 0x51, 0x00, 0x00, 0x00, 0x00, 0x00, 0x00, 0x00, 0x00, 0x00, 0x00, 0xf7, 0x9e,
  0xff, 0xff, 0xff, 0xff, 0x00, 0x20, 0x00, 0x00, 0x00, 0x00, 0x00, 0x00, 0x00, 0x00, 0x18, 0xc3,
  0xff, 0xff, 0xff, 0xff, 0x63, 0x2c, 0x00, 0x00, 0x00, 0x00, 0xd6, 0x9a, 0xff, 0xff, 0xff, 0xff,
  0xff, 0xff, 0xff, 0xff, 0xff, 0xff, 0x00, 0x00, 0x00, 0x00, 0x00, 0x00, 0x00, 0x00, 0x00, 0x00,
  0x31, 0x86, 0xff, 0xff, 0xff, 0xff, 0x63, 0x0c, 0x00, 0x00, 0x00, 0x00, 0xef, 0x5d, 0xff, 0xff,
  0xff, 0xff, 0x00, 0x00, 0x00, 0x00, 0x00, 0x00, 0x00, 0x00, 0x00, 0x00, 0x00, 0x00, 0x00, 0x00,
  0x00, 0x00, 0x6b, 0x6d, 0xff, 0xff, 0xff, 0xff, 0xff, 0xff, 0xff, 0xff, 0xff, 0xff, 0xff, 0xff,
  0xff, 0xff, 0xff, 0xff, 0xff, 0xff, 0xff, 0xff, 0xff, 0xff, 0xff, 0xff, 0xff, 0xff, 0xde, 0xfb,
  0x00, 0x00, 0x00, 0x00, 0xa5, 0x34, 0xff, 0xff, 0xff, 0xff, 0x29, 0x45, 0x00, 0x00, 0x00, 0x00,
  0xff, 0xdf, 0xff, 0xff, 0xff, 0xff, 0x84, 0xb6, 0x6c, 0x15, 0xff, 0xff, 0xff, 0xff, 0x00, 0x00,
  0x00, 0x00, 0x08, 0x41, 0xff, 0xff, 0xff, 0xff, 0xff, 0xff, 0xff, 0xff, 0xff, 0xff, 0xff, 0xff,
  0xff, 0xff, 0xff, 0xff, 0xff, 0xff, 0xff, 0xff, 0xff, 0xff, 0xff, 0xff, 0xff, 0xff, 0xff, 0xff,
  0x00, 0x00, 0x00, 0x00, 0x18, 0xe3, 0xff, 0xff, 0xff, 0xff, 0x8c, 0x51, 0x00, 0x00, 0x00, 0x00,
  0x00, 0x00, 0x00, 0x00, 0x00, 0x00, 0x00, 0x00, 0x00, 0x00, 0x00, 0x00, 0xff, 0xdf, 0xff, 0xff,
  0xff, 0xff, 0x00, 0x00, 0x00, 0x00, 0x00, 0x00, 0x00, 0x00, 0x00, 0x00, 0x00, 0x00, 0x00, 0x00,
  0x00, 0x00, 0xd6, 0x9a, 0xff, 0xff, 0xff, 0xff, 0x00, 0x20, 0x00, 0x00, 0x00, 0x00, 0x00, 0x00,
  0x00, 0x00, 0x00, 0x00, 0x00, 0x00, 0x00, 0x00, 0x31, 0x86, 0xff, 0xff, 0xff, 0xff, 0x63, 0x0c,
  0x00, 0x00, 0x00, 0x00, 0xef, 0x5d, 0xff, 0xff, 0xff, 0xff, 0x00, 0x00, 0x00, 0x00, 0x00, 0x00,
  0x00, 0x00, 0x00, 0x00, 0x21, 0x24, 0xff, 0xff, 0xff, 0xff, 0x8c, 0x71, 0x00, 0x00, 0x00, 0x00,
  0xad, 0x55, 0xff, 0xff, 0xff, 0xff, 0x08, 0x61, 0x00, 0x00, 0x00, 0x00, 0x00, 0x00, 0x00, 0x00,
  0x08, 0x41, 0xff, 0xff, 0xff, 0xff, 0xff, 0xff, 0xff, 0xff, 0xff, 0xff, 0x5a, 0xcb, 0x00, 0x00,
  0x00, 0x00, 0x00, 0x00, 0x00, 0x00, 0x00, 0x00, 0xff, 0xdf, 0xff, 0xff, 0xff, 0xff, 0x84, 0xb6,
  0x6c, 0x15, 0xff, 0xff, 0xff, 0xff, 0x00, 0x00, 0x00, 0x00, 0x08, 0x41, 0xff, 0xff, 0xff, 0xff,
  0xff, 0xff, 0xff, 0xff, 0xff, 0xff, 0xff, 0xff, 0xff, 0xff, 0xff, 0xff, 0xff, 0xff, 0xff, 0xff,
  0xff, 0xff, 0xff, 0xff, 0xff, 0xff, 0xff, 0xff, 0x00, 0x00, 0x00, 0x00, 0x18, 0xe3, 0xff, 0xff,
  0xff, 0xff, 0x8c, 0x51, 0x00, 0x00, 0x00, 0x00, 0x00, 0x00, 0x00, 0x00, 0x00, 0x00, 0x00, 0x00,
  0x00, 0x00, 0x00, 0x00, 0xff, 0xdf, 0xff, 0xff, 0xff, 0xff, 0x00, 0x00, 0x00, 0x00, 0x00, 0x00,
  0x00, 0x00, 0x00, 0x00, 0x00, 0x00, 0x00, 0x00, 0x00, 0x00, 0xd6, 0x9a, 0xff, 0xff, 0xff, 0xff,
  0x00, 0x20, 0x00, 0x00, 0x00, 0x00, 0x00, 0x00, 0x00, 0x00, 0x00, 0x00, 0x00, 0x00, 0x00, 0x00,
  0x31, 0x86, 0xff, 0xff, 0xff, 0xff, 0x63, 0x0c, 0x00, 0x00, 0x00, 0x00, 0xef, 0x5d, 0xff, 0xff,
  0xff, 0xff, 0x00, 0x00, 0x00, 0x00, 0x00, 0x00, 0x00, 0x00, 0x00, 0x00, 0x21, 0x24, 0xff, 0xff,
  0xff, 0xff, 0x8c, 0x71, 0x00, 0x00, 0x00, 0x00, 0xad, 0x55, 0xff, 0xff, 0xff, 0xff, 0x08, 0x61,
  0x00, 0x00, 0x00, 0x00, 0x00, 0x00, 0x00, 0x00, 0x08, 0x41, 0xff, 0xff, 0xff, 0xff, 0xff, 0xff,
  0xff, 0xff, 0xff, 0xff, 0x5a, 0xcb, 0x00, 0x00, 0x00, 0x00, 0x00, 0x00, 0x00, 0x00, 0x00, 0x00,
  0xff, 0xdf, 0xff, 0xff, 0xff, 0xff, 0x84, 0xb6, 0x6c, 0x15, 0xff, 0xff, 0xff, 0xff, 0x00, 0x00,
  0x00, 0x00, 0x00, 0x20, 0xb5, 0xb6, 0xb5, 0xb6, 0xb5, 0xb6, 0xb5, 0xb6, 0xb5, 0xb6, 0xb5, 0xb6,
  0xb5, 0xb6, 0xb5, 0xb6, 0xb5, 0xb6, 0xb5, 0xb6, 0xb5, 0xb6, 0xb5, 0xb6, 0xb5, 0xb6, 0xb5, 0xb6,
  0x00, 0x00, 0x00, 0x00, 0x18, 0xe3, 0xff, 0xff, 0xff, 0xff, 0x8c, 0x51, 0x00, 0x00, 0x00, 0x00,
  0x29, 0x65, 0x4a, 0x49, 0x4a, 0x49, 0x4a, 0x49, 0x4a, 0x49, 0x4a, 0x49, 0xb5, 0xb6, 0xb5, 0xb6,
  0xb5, 0xb6, 0x4a, 0x49, 0x4a, 0x49, 0x4a, 0x49, 0x4a, 0x49, 0x4a, 0x49, 0x18, 0xe3, 0x00, 0x00,
  0x00, 0x00, 0xd6, 0x9a, 0xff, 0xff, 0xff, 0xff, 0x00, 0x20, 0x00, 0x00, 0x00, 0x00, 0x00, 0x00,
  0x00, 0x00, 0x00, 0x00, 0x00, 0x00, 0x00, 0x00, 0x21, 0x04, 0xb5, 0xb6, 0xb5, 0xb6, 0x42, 0x28,
  0x00, 0x00, 0x00, 0x00, 0xef, 0x5d, 0xff, 0xff, 0xff, 0xff, 0x4a, 0x49, 0x4a, 0x49, 0x4a, 0x49,
  0x4a, 0x49, 0x4a, 0x49, 0x63, 0x0c, 0xff, 0xff, 0xff, 0xff, 0x8c, 0x71, 0x00, 0x00, 0x00, 0x00,
  0x7b, 0xcf, 0xb5, 0xb6, 0xb5, 0xb6, 0x4a, 0x69, 0x4a, 0x49, 0x4a, 0x49, 0x00, 0x00, 0x00, 0x00,
  0x00, 0x20, 0xb5, 0xb6, 0xb5, 0xb6, 0xbd, 0xf7, 0xff, 0xff, 0xff, 0xff, 0x84, 0x30, 0x4a, 0x49,
  0x4a, 0x49, 0x08, 0x41, 0x00, 0x00, 0x00, 0x00, 0xff, 0xdf, 0xff, 0xff, 0xff, 0xff, 0x84, 0xb6,
  0x6c, 0x15, 0xff, 0xff, 0xff, 0xff, 0x00, 0x00, 0x00, 0x00, 0x00, 0x00, 0x00, 0x00, 0x00, 0x00,
  0x00, 0x00, 0x00, 0x00, 0x00, 0x00, 0x00, 0x00, 0x00, 0x00, 0x00, 0x00, 0x00, 0x00, 0x00, 0x00,
  0x00, 0x00, 0x00, 0x00, 0x00, 0x00, 0x00, 0x00, 0x00, 0x00, 0x00, 0x00, 0x18, 0xe3, 0xff, 0xff,
  0xff, 0xff, 0x8c, 0x51, 0x00, 0x00, 0x00, 0x00, 0x9c, 0xf3, 0xff, 0xff, 0xff, 0xff, 0xff, 0xff,
  0xff, 0xff, 0xff, 0xff, 0x00, 0x20, 0x00, 0x00, 0x00, 0x00, 0xff, 0xff, 0xff, 0xff, 0xff, 0xff,
  0xff, 0xff, 0xff, 0xff, 0x63, 0x2c, 0x00, 0x00, 0x00, 0x00, 0xd6, 0x9a, 0xff, 0xff, 0xff, 0xff,
  0x00, 0x20, 0x00, 0x00, 0x00, 0x00, 0x00, 0x00, 0x00, 0x00, 0x00, 0x00, 0x00, 0x00, 0x00, 0x00,
  0x00, 0x00, 0x00, 0x00, 0x00, 0x00, 0x00, 0x00, 0x00, 0x00, 0x00, 0x00, 0xef, 0x5d, 0xff, 0xff,
  0xff, 0xff, 0xff, 0xff, 0xff, 0xff, 0xff, 0xff, 0xff, 0xff, 0xff, 0xff, 0xff, 0xff, 0xff, 0xff,
  0xff, 0xff, 0x8c, 0x71, 0x00, 0x00, 0x00, 0x00, 0x00, 0x00, 0x00, 0x00, 0x00, 0x00, 0xf7, 0x9e,
  0xff, 0xff, 0xff, 0xff, 0x00, 0x00, 0x00, 0x00, 0x00, 0x00, 0x00, 0x00, 0x00, 0x00, 0x21, 0x04,
  0xff, 0xff, 0xff, 0xff, 0xff, 0xff, 0xff, 0xff, 0xff, 0xff, 0x29, 0x45, 0x00, 0x00, 0x00, 0x00,
  0xff, 0xdf, 0xff, 0xff, 0xff, 0xff, 0x84, 0xb6, 0x6c, 0x15, 0xff, 0xff, 0xff, 0xff, 0x00, 0x00,
  0x00, 0x00, 0x00, 0x00, 0x00, 0x00, 0x00, 0x00, 0x00, 0x00, 0x00, 0x00, 0x00, 0x00, 0x00, 0x00,
  0x00, 0x00, 0x00, 0x00, 0x00, 0x00, 0x00, 0x00, 0x00, 0x00, 0x00, 0x00, 0x00, 0x00, 0x00, 0x00,
  0x00, 0x00, 0x00, 0x00, 0x18, 0xe3, 0xff, 0xff, 0xff, 0xff, 0x8c, 0x51, 0x00, 0x00, 0x00, 0x00,
  0x9c, 0xf3, 0xff, 0xff, 0xff, 0xff, 0xff, 0xff, 0xff, 0xff, 0xff, 0xff, 0x00, 0x20, 0x00, 0x00,
  0x00, 0x00, 0xff, 0xff, 0xff, 0xff, 0xff, 0xff, 0xff, 0xff, 0xff, 0xff, 0x63, 0x2c, 0x00, 0x00,
  0x00, 0x00, 0xd6, 0x9a, 0xff, 0xff, 0xff, 0xff, 0x00, 0x20, 0x00, 0x00, 0x00, 0x00, 0x00, 0x00,
  0x00, 0x00, 0x00, 0x00, 0x00, 0x00, 0x00, 0x00, 0x00, 0x00, 0x00, 0x00, 0x00, 0x00, 0x00, 0x00,
  0x00, 0x00, 0x00, 0x00, 0xef, 0x5d, 0xff, 0xff, 0xff, 0xff, 0xff, 0xff, 0xff, 0xff, 0xff, 0xff,
  0xff, 0xff, 0xff, 0xff, 0xff, 0xff, 0xff, 0xff, 0xff, 0xff, 0x8c, 0x71, 0x00, 0x00, 0x00, 0x00,
  0x00, 0x00, 0x00, 0x00, 0x00, 0x00, 0xf7, 0x9e, 0xff, 0xff, 0xff, 0xff, 0x00, 0x00, 0x00, 0x00,
  0x00, 0x00, 0x00, 0x00, 0x00, 0x00, 0x21, 0x04, 0xff, 0xff, 0xff, 0xff, 0xff, 0xff, 0xff, 0xff,
  0xff, 0xff, 0x29, 0x45, 0x00, 0x00, 0x00, 0x00, 0xff, 0xdf, 0xff, 0xff, 0xff, 0xff, 0x84, 0xb6,
  0x6c, 0x15, 0xff, 0xff, 0xff, 0xff, 0xd6, 0x9a, 0xd6, 0x9a, 0xd6, 0x9a, 0xd6, 0x9a, 0xd6, 0x9a,
  0xd6, 0x9a, 0xd6, 0x9a, 0xd6, 0x9a, 0xd6, 0x9a, 0xd6, 0x9a, 0xd6, 0x9a, 0xd6, 0x9a, 0xd6, 0x9a,
  0xd6, 0x9a, 0xd6, 0x9a, 0xd6, 0x9a, 0xd6, 0x9a, 0xd6, 0x9a, 0xd6, 0x9a, 0xd6, 0xba, 0xff, 0xff,
  0xff, 0xff, 0xef, 0x5d, 0xd6, 0x9a, 0xd6, 0x9a, 0xef, 0x7d, 0xff, 0xff, 0xff, 0xff, 0xff, 0xff,
  0xff, 0xff, 0xff, 0xff, 0xd6, 0x9a, 0xd6, 0x9a, 0xd6, 0x9a, 0xff, 0xff, 0xff, 0xff, 0xff, 0xff,
  0xff, 0xff, 0xff, 0xff, 0xe7, 0x3c, 0xd6, 0x9a, 0xd6, 0x9a, 0xf7, 0xbe, 0xff, 0xff, 0xff, 0xff,
  0xd6, 0x9a, 0xd6, 0x9a, 0xd6, 0x9a, 0xd6, 0x9a, 0xd6, 0x9a, 0xd6, 0x9a, 0xd6, 0x9a, 0xd6, 0x9a,
  0xd6, 0x9a, 0xd6, 0x9a, 0xd6, 0x9a, 0xd6, 0x9a, 0xd6, 0x9a, 0xd6, 0x9a, 0xff, 0xdf, 0xff, 0xff,
  0xff, 0xff, 0xff, 0xff, 0xff, 0xff, 0xff, 0xff, 0xff, 0xff, 0xff, 0xff, 0xff, 0xff, 0xff, 0xff,
  0xff, 0xff, 0xef, 0x5d, 0xd6, 0x9a, 0xd6, 0x9a, 0xd6, 0x9a, 0xd6, 0x9a, 0xd6, 0x9a, 0xff, 0xdf,
  0xff, 0xff, 0xff, 0xff, 0xd6, 0x9a, 0xd6, 0x9a, 0xd6, 0x9a, 0xd6, 0x9a, 0xd6, 0x9a, 0xde, 0xdb,
  0xff, 0xff, 0xff, 0xff, 0xff, 0xff, 0xff, 0xff, 0xff, 0xff, 0xde, 0xdb, 0xd6, 0x9a, 0xd6, 0x9a,
  0xff, 0xff, 0xff, 0xff, 0xff, 0xff, 0x84, 0xb6, 0x6c, 0x15, 0xff, 0xff, 0xff, 0xff, 0xff, 0xff,
  0xff, 0xff, 0xff, 0xff, 0xff, 0xff, 0xff, 0xff, 0xff, 0xff, 0xff, 0xff, 0xff, 0xff, 0xff, 0xff,
  0xff, 0xff, 0xff, 0xff, 0xff, 0xff, 0xff, 0xff, 0xff, 0xff, 0xff, 0xff, 0xff, 0xff, 0xff, 0xff,
  0xff, 0xff, 0xff, 0xff, 0xff, 0xff, 0xff, 0xff, 0xff, 0xff, 0xff, 0xff, 0xff, 0xff, 0xff, 0xff,
  0xff, 0xff, 0xff, 0xff, 0xff, 0xff, 0xff, 0xff, 0xff, 0xff, 0xff, 0xff, 0xff, 0xff, 0xff, 0xff,
  0xff, 0xff, 0xff, 0xff, 0xff, 0xff, 0xff, 0xff, 0xff, 0xff, 0xff, 0xff, 0xff, 0xff, 0xff, 0xff,
  0xff, 0xff, 0xff, 0xff, 0xff, 0xff, 0xff, 0xff, 0xff, 0xff, 0xff, 0xff, 0xff, 0xff, 0xff, 0xff,
  0xff, 0xff, 0xff, 0xff, 0xff, 0xff, 0xff, 0xff, 0xff, 0xff, 0xff, 0xff, 0xff, 0xff, 0xff, 0xff,
  0xff, 0xff, 0xff, 0xff, 0xff, 0xff, 0xff, 0xff, 0xff, 0xff, 0xff, 0xff, 0xff, 0xff, 0xff, 0xff,
  0xff, 0xff, 0xff, 0xff, 0xff, 0xff, 0xff, 0xff, 0xff, 0xff, 0xff, 0xff, 0xff, 0xff, 0xff, 0xff,
  0xff, 0xff, 0xff, 0xff, 0xff, 0xff, 0xff, 0xff, 0xff, 0xff, 0xff, 0xff, 0xff, 0xff, 0xff, 0xff,
  0xff, 0xff, 0xff, 0xff, 0xff, 0xff, 0xff, 0xff, 0xff, 0xff, 0xff, 0xff, 0xff, 0xff, 0xff, 0xff,
  0xff, 0xff, 0xff, 0xff, 0xff, 0xff, 0xff, 0xff, 0xff, 0xff, 0xff, 0xff, 0xff, 0xff, 0x84, 0xb6,
  0x6c, 0x15, 0xff, 0xff, 0xff, 0xff, 0xff, 0xff, 0xff, 0xff, 0xff, 0xff, 0xff, 0xff, 0xff, 0xff,
  0xff, 0xff, 0xff, 0xff, 0xff, 0xff, 0xff, 0xff, 0xff, 0xff, 0xff, 0xff, 0xff, 0xff, 0xff, 0xff,
  0xff, 0xff, 0xff, 0xff, 0xff, 0xff, 0xff, 0xff, 0xff, 0xff, 0xff, 0xff, 0xff, 0xff, 0xff, 0xff,
  0xff, 0xff, 0xff, 0xff, 0xff, 0xff, 0xff, 0xff, 0xff, 0xff, 0xff, 0xff, 0xff, 0xff, 0xff, 0xff,
  0xff, 0xff, 0xff, 0xff, 0xff, 0xff, 0xff, 0xff, 0xff, 0xff, 0xff, 0xff, 0xff, 0xff, 0xff, 0xff,
  0xff, 0xff, 0xff, 0xff, 0xff, 0xff, 0xff, 0xff, 0xff, 0xff, 0xff, 0xff, 0xff, 0xff, 0xff, 0xff,
  0xff, 0xff, 0xff, 0xff, 0xff, 0xff, 0xff, 0xff, 0xff, 0xff, 0xff, 0xff, 0xff, 0xff, 0xff, 0xff,
  0xff, 0xff, 0xff, 0xff, 0xff, 0xff, 0xff, 0xff, 0xff, 0xff, 0xff, 0xff, 0xff, 0xff, 0xff, 0xff,
  0xff, 0xff, 0xff, 0xff, 0xff, 0xff, 0xff, 0xff, 0xff, 0xff, 0xff, 0xff, 0xff, 0xff, 0xff, 0xff,
  0xff, 0xff, 0xff, 0xff, 0xff, 0xff, 0xff, 0xff, 0xff, 0xff, 0xff, 0xff, 0xff, 0xff, 0xff, 0xff,
  0xff, 0xff, 0xff, 0xff, 0xff, 0xff, 0xff, 0xff, 0xff, 0xff, 0xff, 0xff, 0xff, 0xff, 0xff, 0xff,
  0xff, 0xff, 0xff, 0xff, 0xff, 0xff, 0xff, 0xff, 0xff, 0xff, 0xff, 0xff, 0xff, 0xff, 0xff, 0xff,
  0xff, 0xff, 0xff, 0xff, 0xff, 0xff, 0x84, 0xb6, 0x22, 0x2f, 0x32, 0x90, 0x32, 0x90, 0x32, 0x90,
  0x32, 0x90, 0x32, 0x90, 0x32, 0x90, 0x32, 0x90, 0x32, 0x90, 0x32, 0x90, 0x32, 0x90, 0x32, 0x90,
  0x32, 0x90, 0x32, 0x90, 0x32, 0x90, 0x32, 0x90, 0x32, 0x90, 0x32, 0x90, 0x32, 0x90, 0x32, 0x90,
  0x32, 0x90, 0x32, 0x90, 0x32, 0x90, 0x32, 0x90, 0x32, 0x90, 0x32, 0x90, 0x32, 0x90, 0x32, 0x90,
  0x32, 0x90, 0x32, 0x90, 0x32, 0x90, 0x32, 0x90, 0x32, 0x90, 0x32, 0x90, 0x32, 0x90, 0x32, 0x90,
  0x32, 0x90, 0x32, 0x90, 0x32, 0x90, 0x32, 0x90, 0x32, 0x90, 0x32, 0x90, 0x32, 0x90, 0x32, 0x90,
  0x32, 0x90, 0x32, 0x90, 0x32, 0x90, 0x32, 0x90, 0x32, 0x90, 0x32, 0x90, 0x32, 0x90, 0x32, 0x90,
  0x32, 0x90, 0x32, 0x90, 0x32, 0x90, 0x32, 0x90, 0x32, 0x90, 0x32, 0x90, 0x32, 0x90, 0x32, 0x90,
  0x32, 0x90, 0x32, 0x90, 0x32, 0x90, 0x32, 0x90, 0x32, 0x90, 0x32, 0x90, 0x32, 0x90, 0x32, 0x90,
  0x32, 0x90, 0x32, 0x90, 0x32, 0x90, 0x32, 0x90, 0x32, 0x90, 0x32, 0x90, 0x32, 0x90, 0x32, 0x90,
  0x32, 0x90, 0x32, 0x90, 0x32, 0x90, 0x32, 0x90, 0x32, 0x90, 0x32, 0x90, 0x32, 0x90, 0x32, 0x90,
  0x32, 0x90, 0x32, 0x90, 0x32, 0x90, 0x32, 0x90, 0x32, 0x90, 0x32, 0x90, 0x32, 0x90, 0x32, 0x90,
  0x32, 0x90, 0x32, 0x90, 0x32, 0x90, 0x32, 0x90, 0x32, 0x90, 0x32, 0x90, 0x32, 0x90, 0x8c, 0xd7,
};



static const uint8_t listCmd[] = {
    // cmd     length    data
    0xB1,      0x03,     0x01, 0x2C, 0x2D,
    0xB2,      0x03,     0x01, 0x2C, 0x2D,
    0xB3,      0x06,     0x01, 0x2C, 0x2D, 0x01, 0x2C, 0x2D,
    0xB4,      0x01,     0x07,
    0xC0,      0x03,     0xA2, 0x02, 0x84,
    0xC1,      0x01,     0xC5,
    0xC2,      0x02,     0x0A, 0x00,
    0xC3,      0x02,     0x8A, 0x2A,
    0xC4,      0x02,     0x8A, 0xEE,
    0xC5,      0x01,     0x0E,
    0xE0,      0x10,     0x02, 0x1C, 0x07, 0x12, 0x37, 0x32, 0x29, 0x2D, 0x29, 0x25, 0x2B, 0x39, 0x00, 0x01, 0x03, 0x10,
    0xE1,      0x10,     0x03, 0x1D, 0x07, 0x06, 0x2E, 0x2C, 0x29, 0x2D, 0x2E, 0x2E, 0x37, 0x3F, 0x00, 0x00, 0x02, 0x10,
    0x00,      0x00      // endpoint marker
};

typedef struct {
    uint8_t width;
    uint8_t height;
    const uint16_t *data;
} FontDef;

FontDef Normal7x10;
static uint8_t char_buf[7 * 10 * 2];

/* Control Pins Macro */
#define CS_LOW()   HAL_GPIO_WritePin(GPIOB, GPIO_PIN_0, GPIO_PIN_RESET)
#define CS_HIGH()  HAL_GPIO_WritePin(GPIOB, GPIO_PIN_0, GPIO_PIN_SET)
#define DC_CMD()   HAL_GPIO_WritePin(GPIOB, GPIO_PIN_1, GPIO_PIN_RESET)
#define DC_DATA()  HAL_GPIO_WritePin(GPIOB, GPIO_PIN_1, GPIO_PIN_SET)

/* Prototype Functions */
void LCD_Init(void);
void LCD_SendList(const uint8_t* listCMD);
void SetWindow(uint8_t x1, uint8_t y1, uint8_t x2, uint8_t y2);
void WriteDataLCD(uint8_t data);
void WriteCommandLCD(uint8_t cmd);
void FullDisplay(uint16_t color);
void DrawChar(uint8_t x, uint8_t y, char ch, FontDef font, uint16_t foreground, uint16_t background);
void DrawString(uint8_t x, uint8_t y, const char* str, FontDef font, uint16_t foreground, uint16_t background);

void WriteCommandLCD(uint8_t cmd){
    DC_CMD();
    CS_LOW();
    HAL_SPI_Transmit(&hspi1, &cmd, 1, 100);
    CS_HIGH();
}

void WriteDataLCD(uint8_t data){
    DC_DATA();
    CS_LOW();
    HAL_SPI_Transmit(&hspi1, &data, 1, 100);
    CS_HIGH();
}

void SetWindow(uint8_t x1, uint8_t y1, uint8_t x2, uint8_t y2){
    WriteCommandLCD(0x2A);      // Column addr
    WriteDataLCD(0x00);
    WriteDataLCD(x1);
    WriteDataLCD(0x00);
    WriteDataLCD(x2);
    
    WriteCommandLCD(0x2B);      // Row addr
    WriteDataLCD(0x00);
    WriteDataLCD(y1);
    WriteDataLCD(0x00);
    WriteDataLCD(y2);

    WriteCommandLCD(0x2C);      // RAM Write
}

void LCD_SendList(const uint8_t *listCMD)
{
    uint8_t index, cmd, len;
    while (1)
    {
        cmd = *listCMD++;
        len = *listCMD++;
        if(cmd == 0x00 && len == 0x00) break;
        WriteCommandLCD(cmd);
        for (index = 0; index < len; index++)
        {
            WriteDataLCD(*listCMD++);
        }
    }
}

void LCD_Init(void)
{
    // Hardware Reset
    HAL_GPIO_WritePin(GPIOB, GPIO_PIN_10, GPIO_PIN_RESET);
    HAL_Delay(20);
    HAL_GPIO_WritePin(GPIOB, GPIO_PIN_10, GPIO_PIN_SET);
    HAL_Delay(150);

    // Software Reset
    WriteCommandLCD(0x01);
    HAL_Delay(150);

    // Sleep Out
    WriteCommandLCD(0x11);
    HAL_Delay(150);
    
    LCD_SendList(listCmd);
    
    // Color mode: RGB565
    WriteCommandLCD(0x3A);
    WriteDataLCD(0x05);

    // Memory Access Control
    WriteCommandLCD(0x36);
    //WriteDataLCD(0xC8);
		WriteDataLCD(0xC0);

    // Normal display mode
    WriteCommandLCD(0x13);
    HAL_Delay(10);

    // Inversion off
    WriteCommandLCD(0x20);
    //WriteCommandLCD(0x21);
    HAL_Delay(100);

    // Display ON
    WriteCommandLCD(0x29);
    HAL_Delay(100);
}

void FullDisplay(uint16_t color){
	uint8_t line_buffer[256];
	uint8_t color_high = color >> 8;
	uint8_t color_low = color & 0xFF;

	for (uint16_t i = 0; i < 128; i++) {
			line_buffer[i * 2]     = color_high;
			line_buffer[i * 2 + 1] = color_low;
	}

	SetWindow(0, 0, 127, 159);
	DC_DATA();	
	for (uint16_t y = 0; y < 160; y++) {
		CS_LOW(); //
		HAL_SPI_Transmit_DMA(&hspi1, line_buffer, 256);
		while (HAL_SPI_GetState(&hspi1) != HAL_SPI_STATE_READY);
		// Ngắt TxCpltCallback sẽ tự động kéo CS_HIGH() khi bắn xong 256 byte
	}
}

void DrawChar(uint8_t x, uint8_t y, char ch, FontDef font, uint16_t foreground, uint16_t background)
{
	if (x + font.width > 128 || y + font.height > 160) return;

	while (HAL_SPI_GetState(&hspi1) != HAL_SPI_STATE_READY);

	uint16_t buf_idx = 0;
	uint8_t fg_h = foreground >> 8, fg_l = foreground & 0xFF;
	uint8_t bg_h = background >> 8, bg_l = background & 0xFF;

	for (uint16_t i = 0; i < font.height; i++) {
		uint16_t pixelData = font.data[(ch - 32) * font.height + i];
		for (uint16_t j = 0; j < font.width; j++) {
			if ((pixelData << j) & 0x8000) {
				char_buf[buf_idx++] = fg_h;
				char_buf[buf_idx++] = fg_l;
			} else {
				char_buf[buf_idx++] = bg_h;
				char_buf[buf_idx++] = bg_l;
			}
		}
	}

	SetWindow(x, y, x + font.width - 1, y + font.height - 1);
	DC_DATA();
	CS_LOW();
	HAL_SPI_Transmit_DMA(&hspi1, char_buf, buf_idx);
}

void DrawString(uint8_t x, uint8_t y, const char* str, FontDef font, uint16_t foreground, uint16_t background)
{
    while (*str) {
        DrawChar(x, y, *str, font, foreground, background);
        x += font.width; // D?ch sang ph?i d�ng d? r?ng 1 k� t? (7px)
        str++;
    }
}

uint16_t String_Length(const char* str) {
    uint16_t length = 0;
    while (str[length] != '\0') {
        length++;
    }
    return length;
}

void DrawImage(uint8_t x, uint8_t y, uint8_t width, uint8_t height, const uint8_t* img) {
    while (HAL_SPI_GetState(&hspi1) != HAL_SPI_STATE_READY);
    SetWindow(x, y, x + width - 1, y + height - 1);  
    DC_DATA();
    CS_LOW();
    HAL_SPI_Transmit_DMA(&hspi1, (uint8_t*)img, width * height * 2);
}
/* USER CODE END 0 */

/**
  * @brief  The application entry point.
  * @retval int
  */
int main(void)
{

  /* USER CODE BEGIN 1 */

  /* USER CODE END 1 */

  /* MCU Configuration--------------------------------------------------------*/

  /* Reset of all peripherals, Initializes the Flash interface and the Systick. */
  HAL_Init();

  /* USER CODE BEGIN Init */

  /* USER CODE END Init */

  /* Configure the system clock */
  SystemClock_Config();

  /* USER CODE BEGIN SysInit */

  /* USER CODE END SysInit */

  /* Initialize all configured peripherals */
  MX_GPIO_Init();
  MX_DMA_Init();
  MX_SPI1_Init();
  /* USER CODE BEGIN 2 */
	CS_HIGH();
	LCD_Init();
	HAL_GPIO_WritePin(GPIOB, GPIO_PIN_0, 1);
	HAL_GPIO_WritePin(GPIOA, GPIO_PIN_4, 0);
	LCD_Init();
	FullDisplay(0x0000);
	HAL_GPIO_WritePin(GPIOA, GPIO_PIN_4, 1);
	
	Normal7x10.height = 10;
	Normal7x10.width = 7;
	Normal7x10.data = Font7x10;
  /* USER CODE END 2 */

  /* Infinite loop */
  /* USER CODE BEGIN WHILE */
	char *string = "Hello STM32F103XX";
	uint16_t len = String_Length(string);
	uint8_t centerX = (128 - 7 * len)/2;
	uint8_t centerY = (160 / 2) - (10 / 2);
	uint8_t startX = 10;
	uint8_t startY = 10;
	char num_buf[10];
	uint8_t count = 0;
	/*
	for (uint8_t i = 0; i < 10; i++) {   
		uint8_t currentY = startY + (i * 14);
		for (uint8_t j = 0; j < 5; j++) {     
			uint8_t currentX = startX + (j * 22);
			uint8_t val = (j * 10) + i; 
			snprintf(num_buf, sizeof(num_buf), "%d", val);
			DrawString(currentX, currentY, num_buf, Normal7x10, 0xFFFF, 0x0000);
		}
	}
	*/
	uint8_t imgSize = 100;
	uint8_t imgX = (128 - imgSize) / 2;
	uint8_t imgY = (160 - imgSize) / 2;
	HAL_Delay(100);
	DrawImage(imgX, imgY, imgSize, imgSize, IMAGE);
	char *nh = "TECHCOMBANK";
	len = String_Length(nh);
	centerX = (128 - 7 * len)/2;
	DrawString(centerX, 16, nh, Normal7x10, 0xFFFF, 0x0000);
	char *ten = "PHAM HOANG HIEP";
	len = String_Length(ten);
	centerX = (128 - 7 * len)/2;
	DrawString(centerX, 134, ten, Normal7x10, 0xFFFF, 0x0000);
	char *stk = "6556999999";
	len = String_Length(stk);
	centerX = (128 - 7 * len)/2;
	DrawString(centerX, 148, stk, Normal7x10, 0xFFFF, 0x0000);


  while (1)
  {
    /* USER CODE END WHILE */

    /* USER CODE BEGIN 3 */
  }
  /* USER CODE END 3 */
}

/**
  * @brief System Clock Configuration
  * @retval None
  */
void SystemClock_Config(void)
{
  RCC_OscInitTypeDef RCC_OscInitStruct = {0};
  RCC_ClkInitTypeDef RCC_ClkInitStruct = {0};

  /** Initializes the RCC Oscillators according to the specified parameters
  * in the RCC_OscInitTypeDef structure.
  */
  RCC_OscInitStruct.OscillatorType = RCC_OSCILLATORTYPE_HSE;
  RCC_OscInitStruct.HSEState = RCC_HSE_ON;
  RCC_OscInitStruct.HSEPredivValue = RCC_HSE_PREDIV_DIV1;
  RCC_OscInitStruct.HSIState = RCC_HSI_ON;
  RCC_OscInitStruct.PLL.PLLState = RCC_PLL_ON;
  RCC_OscInitStruct.PLL.PLLSource = RCC_PLLSOURCE_HSE;
  RCC_OscInitStruct.PLL.PLLMUL = RCC_PLL_MUL9;
  if (HAL_RCC_OscConfig(&RCC_OscInitStruct) != HAL_OK)
  {
    Error_Handler();
  }

  /** Initializes the CPU, AHB and APB buses clocks
  */
  RCC_ClkInitStruct.ClockType = RCC_CLOCKTYPE_HCLK|RCC_CLOCKTYPE_SYSCLK
                              |RCC_CLOCKTYPE_PCLK1|RCC_CLOCKTYPE_PCLK2;
  RCC_ClkInitStruct.SYSCLKSource = RCC_SYSCLKSOURCE_PLLCLK;
  RCC_ClkInitStruct.AHBCLKDivider = RCC_SYSCLK_DIV1;
  RCC_ClkInitStruct.APB1CLKDivider = RCC_HCLK_DIV2;
  RCC_ClkInitStruct.APB2CLKDivider = RCC_HCLK_DIV1;

  if (HAL_RCC_ClockConfig(&RCC_ClkInitStruct, FLASH_LATENCY_2) != HAL_OK)
  {
    Error_Handler();
  }
}

/**
  * @brief SPI1 Initialization Function
  * @param None
  * @retval None
  */
static void MX_SPI1_Init(void)
{

  /* USER CODE BEGIN SPI1_Init 0 */

  /* USER CODE END SPI1_Init 0 */

  /* USER CODE BEGIN SPI1_Init 1 */

  /* USER CODE END SPI1_Init 1 */
  /* SPI1 parameter configuration*/
  hspi1.Instance = SPI1;
  hspi1.Init.Mode = SPI_MODE_MASTER;
  hspi1.Init.Direction = SPI_DIRECTION_2LINES;
  hspi1.Init.DataSize = SPI_DATASIZE_8BIT;
  hspi1.Init.CLKPolarity = SPI_POLARITY_LOW;
  hspi1.Init.CLKPhase = SPI_PHASE_1EDGE;
  hspi1.Init.NSS = SPI_NSS_SOFT;
  hspi1.Init.BaudRatePrescaler = SPI_BAUDRATEPRESCALER_4;
  hspi1.Init.FirstBit = SPI_FIRSTBIT_MSB;
  hspi1.Init.TIMode = SPI_TIMODE_DISABLE;
  hspi1.Init.CRCCalculation = SPI_CRCCALCULATION_DISABLE;
  hspi1.Init.CRCPolynomial = 10;
  if (HAL_SPI_Init(&hspi1) != HAL_OK)
  {
    Error_Handler();
  }
  /* USER CODE BEGIN SPI1_Init 2 */

  /* USER CODE END SPI1_Init 2 */

}

/**
  * Enable DMA controller clock
  */
static void MX_DMA_Init(void)
{

  /* DMA controller clock enable */
  __HAL_RCC_DMA1_CLK_ENABLE();

  /* DMA interrupt init */
  /* DMA1_Channel3_IRQn interrupt configuration */
  HAL_NVIC_SetPriority(DMA1_Channel3_IRQn, 0, 0);
  HAL_NVIC_EnableIRQ(DMA1_Channel3_IRQn);

}

/**
  * @brief GPIO Initialization Function
  * @param None
  * @retval None
  */
static void MX_GPIO_Init(void)
{
  GPIO_InitTypeDef GPIO_InitStruct = {0};
  /* USER CODE BEGIN MX_GPIO_Init_1 */

  /* USER CODE END MX_GPIO_Init_1 */

  /* GPIO Ports Clock Enable */
  __HAL_RCC_GPIOC_CLK_ENABLE();
  __HAL_RCC_GPIOD_CLK_ENABLE();
  __HAL_RCC_GPIOA_CLK_ENABLE();
  __HAL_RCC_GPIOB_CLK_ENABLE();

  /*Configure GPIO pin Output Level */
  HAL_GPIO_WritePin(GPIOA, GPIO_PIN_4, GPIO_PIN_RESET);

  /*Configure GPIO pin Output Level */
  HAL_GPIO_WritePin(GPIOB, GPIO_PIN_0|GPIO_PIN_1|GPIO_PIN_10, GPIO_PIN_RESET);

  /*Configure GPIO pin : PA4 */
  GPIO_InitStruct.Pin = GPIO_PIN_4;
  GPIO_InitStruct.Mode = GPIO_MODE_OUTPUT_PP;
  GPIO_InitStruct.Pull = GPIO_NOPULL;
  GPIO_InitStruct.Speed = GPIO_SPEED_FREQ_LOW;
  HAL_GPIO_Init(GPIOA, &GPIO_InitStruct);

  /*Configure GPIO pins : PB0 PB1 PB10 */
  GPIO_InitStruct.Pin = GPIO_PIN_0|GPIO_PIN_1|GPIO_PIN_10;
  GPIO_InitStruct.Mode = GPIO_MODE_OUTPUT_PP;
  GPIO_InitStruct.Pull = GPIO_NOPULL;
  GPIO_InitStruct.Speed = GPIO_SPEED_FREQ_LOW;
  HAL_GPIO_Init(GPIOB, &GPIO_InitStruct);

  /* USER CODE BEGIN MX_GPIO_Init_2 */

  /* USER CODE END MX_GPIO_Init_2 */
}

/* USER CODE BEGIN 4 */
void HAL_SPI_TxCpltCallback(SPI_HandleTypeDef *hspi)
{
	if (hspi->Instance == SPI1) {
		CS_HIGH();
	}
}
/* USER CODE END 4 */

/**
  * @brief  This function is executed in case of error occurrence.
  * @retval None
  */
void Error_Handler(void)
{
  /* USER CODE BEGIN Error_Handler_Debug */
  /* User can add his own implementation to report the HAL error return state */
  __disable_irq();
  while (1)
  {
  }
  /* USER CODE END Error_Handler_Debug */
}
#ifdef USE_FULL_ASSERT
/**
  * @brief  Reports the name of the source file and the source line number
  *         where the assert_param error has occurred.
  * @param  file: pointer to the source file name
  * @param  line: assert_param error line source number
  * @retval None
  */
void assert_failed(uint8_t *file, uint32_t line)
{
  /* USER CODE BEGIN 6 */
  /* User can add his own implementation to report the file name and line number,
     ex: printf("Wrong parameters value: file %s on line %d\r\n", file, line) */
  /* USER CODE END 6 */
}
#endif /* USE_FULL_ASSERT */
